date,AdrActCnt,CapMrktCurUSD,IssTotUSD,NVTAdj,NVTAdj90,PriceBTC,PriceUSD,ROI1yr,ROI30d,SplyCur,TxCnt,TxTfr,TxTfrValAdjNtv,TxTfrValAdjUSD,TxTfrValMeanNtv,TxTfrValMeanUSD,TxTfrValMedNtv,TxTfrValMedUSD,TxTfrValNtv,TxTfrValUSD,VtyDayRet180d,VtyDayRet30d,VtyDayRet60d
2018-08-03,0,,,,,,,,,0,0,0,0,,,,,,0,,,,
2018-08-04,0,,,,,,,,,0,0,0,0,,,,,,0,,,,
2018-08-05,0,,,,,,,,,0,0,0,0,,,,,,0,,,,
2018-08-06,0,,,,,,,,,0,0,0,0,,,,,,0,,,,
2018-08-07,0,,,,,,,,,0,0,0,0,,,,,,0,,,,
2018-08-08,0,,,,,,,,,0,0,0,0,,,,,,0,,,,
2018-08-09,0,,,,,,,,,0,0,0,0,,,,,,0,,,,
2018-08-10,0,,,,,,,,,0,0,0,0,,,,,,0,,,,
2018-08-11,0,,,,,,,,,0,0,0,0,,,,,,0,,,,
2018-08-12,0,,,,,,,,,0,0,0,0,,,,,,0,,,,
2018-08-13,0,,,,,,,,,0,0,0,0,,,,,,0,,,,
2018-08-14,0,,,,,,,,,0,0,0,0,,,,,,0,,,,
2018-08-15,0,,,,,,,,,0,0,0,0,,,,,,0,,,,
2018-08-16,0,,,,,,,,,0,0,0,0,,,,,,0,,,,
2018-08-17,0,,,,,,,,,0,0,0,0,,,,,,0,,,,
2018-08-18,0,,,,,,,,,0,0,0,0,,,,,,0,,,,
2018-08-19,0,,,,,,,,,0,0,0,0,,,,,,0,,,,
2018-08-20,0,,,,,,,,,0,0,0,0,,,,,,0,,,,
2018-08-21,0,,,,,,,,,0,0,0,0,,,,,,0,,,,
2018-08-22,0,,,,,,,,,0,0,0,0,,,,,,0,,,,
2018-08-23,0,,,,,,,,,0,0,0,0,,,,,,0,,,,
2018-08-24,0,,,,,,,,,0,0,0,0,,,,,,0,,,,
2018-08-25,0,,,,,,,,,0,0,0,0,,,,,,0,,,,
2018-08-26,0,,,,,,,,,0,0,0,0,,,,,,0,,,,
2018-08-27,0,,,,,,,,,0,0,0,0,,,,,,0,,,,
2018-08-28,0,,,,,,,,,0,0,0,0,,,,,,0,,,,
2018-08-29,0,,,,,,,,,0,0,0,0,,,,,,0,,,,
2018-08-30,0,,,,,,,,,0,0,0,0,,,,,,0,,,,
2018-08-31,0,,,,,,,,,0,0,0,0,,,,,,0,,,,
2018-09-01,0,,,,,,,,,0,0,0,0,,,,,,0,,,,
2018-09-02,0,,,,,,,,,0,0,0,0,,,,,,0,,,,
2018-09-03,0,,,,,,,,,0,0,0,0,,,,,,0,,,,
2018-09-04,0,,,,,,,,,0,0,0,0,,,,,,0,,,,
2018-09-05,0,,,,,,,,,0,0,0,0,,,,,,0,,,,
2018-09-06,0,,,,,,,,,0,0,0,0,,,,,,0,,,,
2018-09-07,0,,,,,,,,,0,0,0,0,,,,,,0,,,,
2018-09-08,0,,,,,,,,,0,0,0,0,,,,,,0,,,,
2018-09-09,0,,,,,,,,,0,0,0,0,,,,,,0,,,,
2018-09-10,5,,,9.09090909,,,,,,20,3,3,2.2,,0.733333333333333,,1,,2.2,,,,
2018-09-11,0,,,,,,,,,20,0,0,0,,,,,,0,,,,
2018-09-12,5,,,13.33333333,,,,,,20,4,4,1.5,,0.625,,0.7,,2.5,,,,
2018-09-13,0,,,,,,,,,20,0,0,0,,,,,,0,,,,
2018-09-14,0,,,,,,,,,20,0,0,0,,,,,,0,,,,
2018-09-15,0,,,,,,,,,20,0,0,0,,,,,,0,,,,
2018-09-16,0,,,,,,,,,20,0,0,0,,,,,,0,,,,
2018-09-17,0,,,,,,,,,20,0,0,0,,,,,,0,,,,
2018-09-18,0,,,,,,,,,20,0,0,0,,,,,,0,,,,
2018-09-19,0,,,,,,,,,20,0,0,0,,,,,,0,,,,
2018-09-20,0,,,,,,,,,20,0,0,0,,,,,,0,,,,
2018-09-21,2,,,,,,,,,120,0,0,0,,,,,,0,,,,
2018-09-22,3,,,109.09090909,,,,,,120,2,2,1.1,,0.55,,0.55,,1.1,,,,
2018-09-23,0,,,,,,,,,120,0,0,0,,,,,,0,,,,
2018-09-24,2,,,30,,,,,,120,2,2,4,,2,,2,,4,,,,
2018-09-25,5,,,3260921.43478261,,,,,,7500119.3,4,4,2.3,,1.25,,1.35,,5,,,,
2018-09-26,15,,,3.55953396,,,,,,7509648.1,45,40,2109727.9,,105486.065,,1.45,,4219442.6,,,,
2018-09-27,21,7513491.11526027,1240.42992298017,7.50290369,,0.000149799583534979,1.00034671208078,,,7510887,31,31,1001064.029525,1001411.11051767,64574.6461137097,64597.0349236294,19.9,19.9068995704075,2001814.029525,2002508.08263251,,,
2018-09-28,32,7504735.24176371,839.218190273527,7320.21743587,,0.000150845575038551,0.999069274135151,,,7511726.6,44,44,1026.161677,1025.2066017857,32.2500394318182,32.2200234859766,2,1.9981385482703,1419.001735,1417.68103338297,,,
2018-09-29,21,7506841.66726322,0,1988.67446883,,0.00015177307845705,0.999349705725205,,,7511726.5,29,29,3777.252948,3774.79662203346,302.247681965517,302.051132028365,63.97347,63.9318684187202,8765.182777,8759.48282882259,,,
2018-09-30,18,7505729.05768491,0,140.2076565,,0.000151291374222452,0.999201615970075,,,7511726.3,33,33,53575.721094,53532.9470938868,2781.09804542424,2778.87766115912,288.9,288.669346853755,91776.235499,91702.962818251,,,
2018-10-01,29,7494737.67499441,10182.9331981177,2.50256989,,0.000151845646062991,0.99638286070487,,,7521945.6,41,49,3005688.52314,2994816.52907403,81749.8086354898,81454.108190305,5,4.98191430352435,4005740.623139,3991251.30132495,,,
2018-10-02,48,7526909.6255582,0,23.84736992,,0.000153741410712603,1.00065993904,,,7521945.6,51,51,315420.342984,315628.501182345,6225.58711729412,6229.69562527974,1835.32,1836.53119931889,317504.942982,317714.476889267,,,
2018-10-03,21,9518932.47118597,2000156.35030563,9.19542772,,0.000154626855728823,0.99957863572961,,,9522945.1,24,24,1035617.416305,1035181.04412798,84861.101929375,84825.344493076,999.9,999.478677866037,2036666.446305,2035808.26783382,,,
2018-10-04,15,9531456.70570389,444.776448554877,2.36259787,,0.000152911140134198,1.00084709395787,,,9523389.5,15,15,4030897.35011,4034311.89890007,268753.522814667,268981.182299999,99.9,99.9846246863912,4031302.84222,4034717.73449999,,,
2018-10-05,20,12762295.9695806,3228936.61648773,5.71093678,,0.000152015815072582,1.00104688074481,,,12748949.34,24,24,2232374.445747,2234711.47556946,185890.974406125,186085.580087865,825.92,826.784639744753,4461383.385747,4466053.92210875,,,
2018-10-06,2,12775691.4581421,0,509.97837273,,0.000152980827590926,1.00209759388236,,,12748949.34,1,1,24999,25051.4377494651,24999,25051.4377494651,24999,25051.4377494651,24999,25051.4377494651,,,
2018-10-07,3,12768501.9869862,0,3066.1253824,,0.00015256657066264,1.0015336673215,,,12748949.34,4,4,4158,4164.3769887228,1039.5,1041.0942471807,1074.5,1076.14792553695,4158,4164.3769887228,,,
2018-10-08,14,12716421.3076837,0,2656.55135381,,0.000151021362886062,0.997448571529399,,,12748949.34,13,13,4799.06,4786.81554168388,668.173076923077,666.468281111326,100,99.7448571529399,8686.25,8664.08765444724,,,
2018-10-09,17,13160893.5088921,409149.499125598,32.10809865,,0.000151768460777738,1.00021920784937,,,13158009.17,16,16,409803.4366,409893.268730002,51099.129575,51110.3309052988,537.4496,537.567413170961,817586.0732,817765.294484781,,,
2018-10-10,22,13146624.7861668,608.844545654312,122.53890486,,0.000153020806820421,0.999088522570253,,,13158618.57,22,22,107383.190549,107285.31319448,7267.65747690909,7261.03317115176,702.885,702.244336186792,159888.464492,159742.729765339,,,
2018-10-11,27,13566088.2355198,426655.412471579,36.10178382,,0.000162120663577497,0.998541963440182,,,13585896.97,35,36,376322.040953,375773.349659025,18845.1855195833,18817.7085501192,316.627271,316.165616863047,678426.678705,677437.507804292,,,
2018-10-12,25,13627997.68385,0,10.662475,,0.000162007614096683,1.00309885419733,,,13585896.97,36,36,1274178.552986,1278127.04654307,69232.9474108889,69447.4902205667,203.465403,204.095912618098,2492386.106792,2500109.6479404,,,
2018-10-13,10,13578002.9816801,0,338.61016225,,0.000161256799087524,0.999418957148188,,,13585896.97,13,13,40122.531703,40099.2187927574,5621.31453092308,5618.0483062971,999.9,999.319015252473,73077.088902,73034.6279818623,,,
2018-10-14,8,13586449.4350119,0,101.63453244,,0.000161743519308226,1.00004066459602,,,13585896.97,20,20,133674.024405,133679.460205201,8795.39857145,8795.75623277974,6222.134189,6222.38720957318,175907.971429,175915.124655595,,,
2018-10-15,45,33575525.7972668,19965309.1445094,2.68695145,,0.000155491901140892,1.00179006824585,,,33515530.71,82,82,12473441.123811,12495769.4346832,300365.4133585,300903.087947105,2098.9,2102.65717424121,24629963.895397,24674053.2116626,,,
2018-10-16,48,33581400.7849277,34351.7743603758,80.55254203,,0.00015489788652332,1.00094040881644,,,33549850.21,87,87,416496.479982,416888.156943791,6221.51628448276,6227.36705324831,2936.909255,2939.67115035649,541271.91675,541780.933632603,,,
2018-10-17,50,33561260.9464801,4320.71289480257,69.135979,,0.000155246490125347,1.00021132802504,,,33554170.01,72,71,485335.862684,485438.427753342,10612.2988143944,10614.5414905439,1492.245799,1492.56115235758,753473.215822,753632.44582862,,,
2018-10-18,29,33635760.0041759,6474.20061598801,112.47765837,,0.000156686929543453,1.00224478164435,,,33560424.18,34,34,298374.136405,299043.921189551,9345.61207967647,9366.59093812814,453.623,454.641284583855,317750.810709,318464.091896357,,,
2018-10-19,24,33522971.4514081,7459.60378671807,54.36688659,,0.000156454577585703,0.998661747177636,,,33567893.78,26,26,617432.703714,616606.422655635,24022.1100874615,23989.9624308379,499.9,499.2310074141,624574.862274,623739.023201784,,,
2018-10-20,34,33537831.218797,0,61.01776651,,0.000155909023052575,0.999104425156966,,,33567893.78,38,38,550133.11207,549640.42669451,14756.6527218947,14743.4370349496,99.4755695,99.3864816824593,560752.803432,560250.607328085,,,
2018-10-21,10,33593049.3812837,0,783.77914205,,0.000155993184497701,1.00074939468793,,,33567893.78,11,11,42828.256047,42860.3513145749,3907.77372318182,3910.7021880516,3552,3554.66184993153,42985.510955,43017.7240685676,,,
2018-10-22,46,43966991.7929116,10405676.2372512,3.35274285,,0.000156139817677271,1.00054920353134,,,43942858.22,49,49,13106539.982078,13113738.1401198,282735.013898878,282890.292966944,2214.269453,2215.48553760293,13854015.681045,13861624.3553803,,,
2018-10-23,139,90001150.15001,46042016.1562993,0.92034205,,0.000156405927757083,1.00037038495833,,,89967827.42,157,157,97754772.192136,97790979.089361,909651.693308783,909988.614613304,9.9995,10.0032036643908,142815315.849479,142868212.494289,,,
2018-10-24,155,127890448.119001,37977092.155754,1.924185,,0.000155819323614234,0.999394545157809,,,127967926.92,161,161,66505001.92647,66464736.1510237,571265.939182696,570920.063453639,10,9.99394545157809,91973816.208414,91918130.2160358,,,
2018-10-25,115,127696211.789616,5004.53948984805,151.09417711,,0.000156335068899176,1.00090789796961,,,127580381.82,142,142,844376.562117,845143.169883332,9089.66343904225,9097.915926023,100,100.090789796961,1290732.208344,1291904.06149527,,,
2018-10-26,93,127892824.557795,150.386412500703,78.89533387,,0.00015665645032181,1.00324491328021,,,127479165.72,113,112,1615801.080567,1621044.21495151,28022.3888601607,28113.3190819163,550,551.784702304116,3138507.552338,3148691.73717462,,,
2018-10-27,82,127591396.277416,0,156.35212196,,0.000156158072765074,1.00088038352606,,,127479165.72,81,81,815333.774332,816051.580755162,15607.6597048765,15621.4004313611,466.86,467.271015852976,1264220.436095,1265333.43494025,,,
2018-10-28,68,127510795.703665,0,2764.71265566,,0.000156126951448069,1.00024811884739,,0.117994291562957,127479165.72,57,57,46109.372509,46120.8131133608,1544.85035910526,1545.23366559575,99,99.0245637658916,88056.470469,88078.318938958,,0.00215506755660528,
2018-10-29,92,127586494.515229,57739.7796629464,49.05010895,,0.00015979097293035,1.00077753228441,,0.142875567083775,127487368.97,109,108,2599125.092919,2601145.99658996,39048.5683614907,39078.9298840518,473.27,473.637982704243,4217245.383041,4220524.42747759,,0.00215672606946509,
2018-10-30,110,127383238.334779,274.344620009487,16.62821814,,0.000159402334439711,0.999798177877139,,0.0597038573126064,127408952.28,122,121,7662213.185234,7660666.78110314,97599.517262124,97579.8195203599,149.98,149.949730718013,11809541.588717,11807158.1619636,,0.00209507036928588,
2018-10-31,123,127471984.236552,3976.97042624948,95.01464074,,0.000158649765879491,1.00049570471685,,0.412777474822311,127408827.08,141,142,1340938.892021,1341603.60175478,14559.0459945282,14566.2629823005,67.855,67.8886360435619,2067384.531223,2068409.34348667,,0.0019405680005582,
2018-11-01,141,127336898.532738,2527.82770213581,213.64003303,,0.000157662630994451,1.00005052108075,,-0.0609016045785358,127330465.66,146,148,596004.708721,596034.819523017,7521.71242538513,7522.09243042596,49.98,49.9825250436159,1113213.438957,1113269.67970304,,0.00193155106438117,
2018-11-02,105,132324875.073239,5027850.571553,12.09952944,,0.000157518382177969,0.999953244939945,,0.0374767123810633,132331062.22,109,111,10936876.745893,10936365.3915639,145057.073699,145050.291546808,844.63515,844.595659032837,16101335.180589,16100582.3616957,,0.00191652792348642,
2018-11-03,78,132407666.723578,0,484.05370743,,0.000158008573680744,1.00057888527677,,-0.0267981675441804,132331062.22,85,85,273380.949652,273539.205858703,3610.09652656471,3612.18635829165,99.97,100.027871161119,306858.204758,307035.840454791,,0.00191998499474182,
2018-11-04,100,132215296.200741,0,483.41590745,,0.00015561674586965,0.999125178795385,,-0.191969226056155,132331062.22,95,95,273741.637751,273502.162761709,3562.51565783158,3559.39909359234,93.6,93.518116735248,338438.987494,338142.913891272,,0.00192663834287468,
2018-11-05,131,134570301.037745,2111258.50228035,50.70965478,,0.000156329132105557,1.00096712225624,,-0.112810531930358,134440280.85,123,123,2651177.205356,2653741.21783654,38396.292385187,38433.4262941098,47.41,47.4558512661683,4722743.963378,4727311.43417551,,0.00195761355412022,
2018-11-06,165,134206451.934553,9222.27184467144,97.76398023,,0.000155215203086801,0.999704265005034,,-0.182660091832825,134246153.22,219,222,1373165.790686,1372759.6975078,10347.518961491,10344.458838023,700,699.792985503524,2297149.209451,2296469.86204111,,0.00181291789676099,
2018-11-07,152,134276259.235577,65290.7663221419,130.42211877,,0.00015381322231301,0.999921378251037,,0.247913204973203,134286817.1,174,174,1029632.230803,1029551.27931623,8531.09140968966,8530.42068036246,490.723222,490.68464048203,1484409.905286,1484293.19838307,,0.00173773742774915,
2018-11-08,151,134009183.003887,16469.1625869572,17.55629133,,0.000155984265542006,0.999354518074079,,-0.0864500270045885,134095739.38,180,181,7638044.779691,7633114.55983633,62444.5847517624,62404.2779009335,799.964438,799.448075413892,11302469.840069,11295174.300069,,0.00172787360346753,
2018-11-09,115,134032149.704689,25003.2701848996,189.01578998,,0.000157847915062312,0.999339330646111,,0.0251036890317536,134120759.18,138,138,709574.365142,709105.571104645,7105.47896498551,7100.78459278864,245,244.838136008297,980556.097168,979908.273804832,,0.00172457644263001,
2018-11-10,115,134116157.88074,0,222.24489044,,0.000157406510459681,0.999965692863,,0.142580830345171,134120759.18,120,120,603481.856957,603461.153222256,9252.442173925,9252.12474912375,553.536,553.517009764613,1110293.060871,1110254.96989485,,0.00149549794576355,
2018-11-11,91,134078198.439918,0,167.88083203,,0.000157804615859416,0.999682668512004,,-0.340563212791184,134120759.18,97,97,798904.541736,798651.024169004,17133.7532437526,17128.3161643408,971.462506,971.154230357439,1661974.064644,1661446.66794106,,0.00133001015683646,
2018-11-12,153,134051182.522979,0,48.51282299,,0.000158125864075965,0.999481238717655,,0.00623177787669753,134120759.18,162,164,2764645.528842,2763211.33778223,28582.250051939,28567.4226872498,997.484565,996.967108627941,4687489.008518,4685057.32070896,,0.00132524173919357,
2018-11-13,142,139006547.06199,5145775.97560268,20.90656355,,0.000159554465983581,1.00014224865491,,0.0101579928183304,138986776.38,186,184,6647997.219502,6648942.88816432,73576.0716970598,73586.5377942923,2076.001822,2076.29713046677,13537997.192259,13539922.9541498,,0.0012883414573035,
2018-11-14,287,142662096.274471,4024727.02455425,17.41331084,,0.000179359272185558,0.999807036464418,,-0.197948836217185,142689630.17,443,441,8194284.903806,8192703.7056194,36219.1788672835,36212.1898864733,3187.94,3187.32484382638,15972657.880472,15969575.7399347,,0.00128057844515385,
2018-11-15,376,143844058.204007,669330.292772514,6.68199399,,0.00018116737130384,1.00339967060435,,0.245695124929361,143356692.67,641,639,21454178.636955,21527115.7774075,45256.2147714961,45410.0709945189,2815.28,2824.85102465901,28918721.238986,29017035.3654976,,0.00143858152576049,
2018-11-16,348,143166215.149252,8799.09236783947,9.59096843,,0.000182005662653264,1.0003060761038,,0.00947280600662377,143122408.8,551,551,14922623.275527,14927190.7339176,38321.0657693829,38332.7949318871,3820.84,3822.00946782044,21114907.23893,21121370.0074698,,0.00150684917129016,
2018-11-17,418,143131255.529778,0,36.34717119,,0.000181793314934748,1.0000618123315,,-0.217807999884877,143122408.8,654,654,3937649.179085,3937892.57436139,11918.3984945994,11919.1351985981,517,517.031956975385,7794632.615468,7795114.41988315,,0.00134789983431428,
2018-11-18,347,143171852.847519,0,44.50835072,,0.000180067992862004,1.00034546684851,,0.168597593292456,143122408.8,530,529,3215630.471576,3216741.36530099,10871.3074761815,10875.0631525145,1318.96,1319.41565695451,5750921.6549,5752908.40768015,,0.00134655533605119,
2018-11-19,685,143316796.001232,203222.736319545,10.89228763,,0.000209366632955806,1.0033267834066,,0.422614307705689,142841592.96,1195,1193,13114012.204712,13157639.6829086,16793.8204172582,16849.6898203557,999.974279,1003.3009768384,20035027.757789,20101679.9556844,,0.00142358085215369,
2018-11-20,857,156862904.143897,14024624.3499834,4.64823228,,0.000231633105188212,1.00008303585504,,-0.0665859841062104,156849879.98,1507,1505,33743984.901192,33746786.8618307,31690.3743072472,31693.0057445743,1057.759513,1057.84734496559,47694013.332407,47697973.6455843,,0.00155162428022534,
2018-11-21,604,163473994.338613,6670253.90735426,6.72291654,,0.00021981873628656,1.0000262151847,,-0.0522701277252693,163469708.95,982,982,24315296.495515,24315933.9255037,37083.1393276395,37084.1114689862,999.9916225,1000.01783746508,36415642.819742,36416597.4625445,,0.00155133293798334,
2018-11-22,357,163604158.507785,2001.22013927631,17.0474104,,0.000232551030733002,1.00081023168449,,0.0439683873866631,163471708.55,494,495,9589239.930559,9597009.43658092,24547.5897781091,24567.4790131252,480.806551,481.196115701731,12151056.940164,12160902.111497,,0.00154668328728776,
2018-11-23,590,166202671.293134,3099568.57702568,14.50020071,,0.000232985710817503,0.999483735757529,,0.0089244633315393,166288520.11,903,903,11468015.057779,11462094.5316725,22880.4072904286,22868.5949542914,730,729.623127102996,20661007.783257,20650341.2437251,,0.00154053713163693,
2018-11-24,461,166912907.940657,100314.857895563,27.57931743,,0.000263549149533143,1.0031515884104,,0.224165524654319,166388519.81,676,674,6033090.566403,6052104.38471097,15967.7565593012,16018.0803558136,999.984442,1003.13598137799,10762267.920969,10796186.1598183,,0.00163116411810323,
2018-11-25,667,166348596.173344,0,16.09461079,,0.000253305759344533,0.999760057744959,,-0.347358405621696,166388519.81,1061,1058,10338151.199965,10335670.6406531,15975.2712954093,15971.4381527897,916.009986,915.790196498319,16901837.030543,16897781.5656516,,0.00169408230199005,
2018-11-26,635,167316527.464355,846104.045363718,15.66433598,,0.000270463684699512,1.0007929840261,,-0.00873226225615947,167183953.26,1034,1027,10672903.946654,10681367.3889958,14460.1026678715,14471.5692983029,999,999.792191042074,14850525.439904,14862301.669357,,0.00170144561409566,
2018-11-27,666,172074135.78718,5334683.14431301,15.18018227,,0.000264696370459905,0.999640640976733,,-0.0607327181336736,172135994.41,1012,1012,11339520.919047,11335445.9598852,17948.3826346314,17941.9327213786,565.35,565.146836376196,18163763.226247,18157235.9140352,,0.00171204435260572,0.00191393477747441
2018-11-28,703,177268561.283121,5167477.09763536,7.29207712,,0.000237567875744667,0.999798529813759,,-0.0978241856025837,177304282.81,1116,1114,24314647.233482,24309748.5569755,28815.014956342,28809.2095899122,540,539.89120609943,32099926.661365,32093459.4831622,,0.00170274562869558,0.00191392744216159
2018-11-29,651,177566362.308245,63239.4787434449,5.12214323,,0.000236167192908487,1.00112205658262,,0.13241459474271,177367346.11,1027,1025,34627564.728057,34666418.8150002,38531.4474039541,38574.6818681516,750.961602,751.804223408819,39494733.589053,39539048.9148554,,0.00171580676539593,0.00188393752161625
2018-11-30,611,177237769.195443,41164.5599800196,20.11378486,,0.000251745261560352,1.00026802026508,,-0.0227571643432834,177190278.61,823,828,8809395.138759,8811756.23517928,11978.0742255918,11981.2845922209,249.958768,250.025762015258,9917845.45879,9920503.64235889,,0.00172144001780319,0.00180332315949816
2018-12-01,437,177113809.349789,9.99568377811161,33.95304261,,0.000240971700103234,0.999568377811161,,-0.0482118912420447,177190288.61,630,737,5218686.602587,5216434.10165273,11530.5127759905,11525.5359508277,99.986759,99.9436024962255,8497987.915905,8494319.99576001,,0.00172637727890766,0.00180008504076487
2018-12-02,327,177230240.905424,0,27.91330613,,0.000244032025982323,1.00022547677831,,0.0272244567176199,177190288.61,400,399,6347878.956529,6349310.25582522,17467.8305909549,17471.7691811206,198,198.044644402105,6969664.405791,6971235.90326712,,0.00172680604715291,0.00179441077939098
2018-12-03,496,176965192.576077,104411.205321643,30.86087576,,0.000260056114679936,0.999649636676344,,-0.0928710983311478,177027216.42,685,684,5736299.183012,5734289.39416476,10329.5210012237,10325.9019159139,397.358256,397.219036240746,7065392.364837,7062916.91048512,,0.00170822178805462,0.00179568473263431
2018-12-04,498,177198192.794974,201125.023153975,8.61451862,,0.000256970991496501,1.00037564457497,,0.12515606713993,177131654.25,703,703,20561990.983794,20569714.9841576,35211.1888540583,35224.4157461296,480.797007,480.977615787341,24753465.764403,24762764.2695291,,0.0016779737515901,0.00179284750413746
2018-12-05,576,178687120.118311,1575038.26284648,24.32928142,,0.000269557608270247,0.99992957038386,,-0.103654940238323,178699705.87,836,835,7345046.602973,7344529.29416022,13471.1940025784,13470.2452315559,499.977514,499.94230077561,11248446.992153,11247654.7683492,,0.00166317429624512,0.00179231197944478
2018-12-06,687,181746352.90289,3079017.66214426,17.74002493,,0.000284788981937119,1.00017007086168,,0.0465943652489852,181715448.4,969,967,10243246.508622,10244988.5863821,16312.8988242865,16315.673173046,499.979084,500.064115873638,15774573.163085,15777255.9583355,,0.00166328485440423,0.0017099539553382
2018-12-07,972,185997181.750582,4179203.69866796,10.93288494,,0.000297046630464724,1.00193700505216,,0.20157852856878,185637600.78,1695,1688,16979745.222074,17012635.0743535,15745.7837619289,15776.283424626,670.9633675,672.263026932662,26578882.990136,26630366.4207687,,0.00169061320390311,0.00168709970938925
2018-12-08,572,185733632.911832,0,15.65667578,,0.000293583227154194,1.00051730970142,,0.116354267310643,185637600.78,858,844,11856769.816189,11862903.4382424,20593.8958293472,20604.5492514497,572.955903,573.252298647108,17381248.079969,17390239.5682236,,0.00171361180827458,0.00169091013041018
2018-12-09,415,185628912.54033,0,8.6525762,,0.000282437583352631,0.999953197845512,,0.0614273030767279,185637600.78,543,543,21454604.564894,21453600.4431767,42016.7484940203,42014.7820196662,425.735753,425.715827649517,22815094.432253,22814026.6366787,,0.00171333377052631,0.00169100925918643
2018-12-10,410,191312856.433893,5547571.39833928,23.82935015,,0.000293210230874956,1.00090026971498,,0.0934608915736176,191140778.18,551,551,8021233.350941,8028454.62440364,25991.058416372,26014.4573791246,426.483524,426.867474200595,14321073.187421,14333966.0158976,,0.00172128808691599,0.00158641215413939
2018-12-11,615,190817019.309811,350296.098708798,31.68510192,,0.000298463775908826,1.00061897016108,,0.0936598861386216,190698982.33,812,810,6018569.320896,6022294.63571803,11655.582113963,11662.7965715015,196.1496045,196.271015252293,9441021.51231,9446865.22291623,,0.00172175344614042,0.00151200578924062
2018-12-12,647,200854988.994591,11536487.260653,7.12270765,,0.000292611083684095,1.00161151936678,,0.213138632983065,200531828.07,913,912,28153876.029092,28199246.5455628,51932.0971254309,52015.7867057061,499.990574,500.796318493208,47362072.578393,47438397.4756039,,0.00172709873676358,0.00151530269287319
2018-12-13,613,200880288.447605,389275.452692193,15.28721461,,0.000306630352896716,1.00004581205679,,-0.0096422882094695,200871086.13,829,830,13139809.39758,13140411.3592743,23071.1867243855,23072.243662902,198,198.009070787244,19149084.98124,19149962.2402086,,0.00175181247169694,0.00151178756915911
2018-12-14,767,202900319.112512,2040461.86969341,10.43411371,,0.000312553877343709,0.999945098628092,,0.0138088809778917,202911459.23,1046,1048,19446928.115603,19445860.4525701,29596.6471188607,29595.02222233,200.8,200.788975804521,31017286.180566,31015583.2890018,,0.00161094380541437,0.00150793293982708
2018-12-15,614,202909003.75212,49986.8775790857,26.79521715,,0.000313883299662473,0.999741550547916,,-0.364572578963541,202961459.03,840,843,7574540.557647,7572582.92179009,13518.7363323559,13515.2424223579,249.985974,249.921365261991,11396294.728176,11393349.3620477,,0.00150676506219042,0.00150520656274808
2018-12-16,535,202728005.743442,0,50.0635434,,0.000312588475819161,0.998849765429978,,-0.145586506831425,202961459.03,725,725,4054076.984208,4049413.84471123,8793.92152764276,8783.8064550956,349.286246,348.884484885018,6375593.107541,6368259.67994431,,0.00151500332995825,0.00148491096306748
2018-12-17,759,212718147.355069,10043775.4885472,6.45505725,,0.000286032806989005,1.00087355060646,,0.0811688102626098,212532489.47,1097,1098,32924958.115395,32953719.7325244,38706.5272122923,38740.3393226126,301,301.262938732545,42499766.879097,42536892.5762286,,0.00156209687202156,0.0014340094038853
2018-12-18,804,215532972.585898,2803738.83806764,11.10328445,,0.000273690446141014,1.0015776811087,,0.123178871802371,215193465.92,1160,1160,19381063.94205,19411641.0804979,23703.9324688328,23741.3297152907,350.9741615,351.52788680424,27496561.663846,27539942.4697373,,0.00146223417813572,0.00143567684711024
2018-12-19,1080,223861094.123168,8793406.31731866,7.65248017,,0.000270682734876184,1.00091039792661,,-0.24083733435138,223657476.82,1578,1578,29226796.005231,29253404.0197156,30185.078925519,30212.5593587874,450,450.409679066975,47632054.544469,47675418.6681665,,0.00133506334352058,0.00142265386250441
2018-12-20,1259,226806418.29018,3595754.64326463,1.20500002,,0.000245966968512965,1.00052911268686,,0.0446039794524243,226686475.6,1970,1968,188121553.648015,188221091.148722,143691.831221731,143767.860392628,999.9,1000.42905977559,282785523.844366,282935149.252692,,0.00133715905880889,0.00142329346939864
2018-12-21,1076,228977602.527008,3188436.63211124,7.4796688,,0.000260736908372178,1.00099118214609,,0.0964941665266055,228750868.75,1710,1726,30583021.120266,30613334.4647739,26234.1257910794,26260.1285881818,390.42,390.806977333476,45280101.115403,45324981.9432017,,0.00133189508690248,0.00142435133675654
2018-12-22,680,228895599.651654,0,14.71226182,,0.000252369810746514,1.00063270099233,,-0.0177386967618508,228750868.75,925,932,15548314.154041,15558151.5878353,22074.3781767157,22088.3446576931,256.532222,256.694530191424,20573320.460699,20586337.22097,,0.0013092430070539,0.00141923609615915
2018-12-23,728,228586252.052109,0,10.07980675,,0.000253452895700341,0.999280366895257,,-0.0203473908575286,228750868.75,998,1009,22693973.635873,22677642.3011665,25625.2369198117,25606.7961510073,230,229.834484385909,25855864.05209,25837257.3163664,,0.00113289229845427,0.00141632063975721
2018-12-24,977,228423988.070333,124369.629031731,13.96302856,,0.000247601838111202,1.00032276355757,,-0.281993757026559,228350284.92,1454,1450,16353922.355965,16359200.8061248,15637.6511991152,15642.6984630482,490.459852,490.618154566677,22674594.238717,22681912.7714199,,0.000964716784560912,0.00138896254169289
2018-12-25,700,228653844.210688,0,41.89457094,,0.000266198855369721,1.0013293580553,,0.156967694216616,228350284.92,1001,1041,5450593.712163,5457839.50282043,7384.73935703074,7394.5563197813,254.819177,255.15792292559,7687513.670669,7697733.12889233,,0.000963721007037117,0.00136128067842278
2018-12-26,759,230968158.723799,3014954.98320782,23.47506177,,0.000262478079722634,0.99942661664569,,-0.136528473142697,231100668,1047,1108,9844517.993037,9838873.31028859,13100.8574446652,13093.3456310792,259.834388,259.685403287043,14515750.048689,14507426.9592358,,0.00100541249645311,0.00138146153004131
2018-12-27,831,238163485.910964,7049113.31632762,5.47227751,19.2595881440017,0.000279067027365518,1.00058381350224,,0.0943511584908613,238024523.98,1202,1248,43496427.867773,43521821.6696614,50107.8847414415,50137.1384011222,301.147485,301.323298967909,62534640.157319,62571148.7246006,,0.00102814661132095,0.00138812197681799
2018-12-28,913,242196396.169153,4617963.36423532,13.29546189,19.2703673469183,0.000257424010947736,0.999076715169649,,-0.0721960097545341,242420219.08,1319,1364,18233305.544574,18216471.0101575,19777.6744783468,19759.4140515213,275.714551,275.459987937555,26976747.988465,26951840.766275,,0.00103505395183718,0.00139620501294837
2018-12-29,625,247228820.394839,4517653.75186891,11.77657093,19.313247351236,0.000261879140436578,1.00120017861577,,0.00780344740547676,246932457.34,846,888,20968111.928669,20993277.4082189,30693.7073807996,30730.5453120367,200,200.240035723154,27256012.15415,27288724.2370886,,0.00110018216851487,0.00142082064390332
2018-12-30,570,249678430.645055,2532324.87000072,54.27860619,19.4774716611634,0.000261650173227166,1.00091852532893,,0.0650330762026887,249449305.14,775,816,4595720.53639,4599941.82210736,7270.40724459926,7277.08529780507,159.22072,159.36696826421,5932652.311593,5938101.60300893,,0.00109296278832748,0.00142007245872708
2018-12-31,666,250773897.933534,1859890.68986115,15.96413068,19.305351303952,0.000270736452737274,0.998259432314006,,-0.130951071103439,251211147.94,961,1008,15735974.162637,15708584.6345019,21297.0390296101,21259.9700916678,319.394519,318.838591221145,21467415.341847,21430049.8524012,,0.00119555672640719,0.00146213304640565
2019-01-01,638,262721578.250402,11540841.8598414,12.47201103,19.8844451202775,0.000262565126522545,0.99987894028713,,-0.0346458372862373,262753387.1,893,933,21067443.455864,21064893.0372083,30735.6371188349,30731.9162714305,300.000031,299.963713082386,28676349.431873,28672877.8812446,,0.00123128422877826,0.00147549646778329
2019-01-02,835,287709655.436552,24999364.8171328,4.41920207,20.7119860369084,0.000256750416479901,1.0008638285697,,0.121461745076305,287461338.12,1197,1239,65048244.872671,65104435.4050009,76074.6840510387,76140.3995365529,360.592389,360.903879007635,94256533.539237,94337955.0257891,,0.00123758868006532,0.001468541792985
2019-01-03,904,287371925.222933,4900896.84571441,14.00966207,20.3895782168354,0.000264377960935263,1.00050895063294,,0.0133256001076131,287225741.5,1307,1361,20501974.991825,20512409.4849736,24864.3926538303,24877.0474022091,433.937111,434.1579635673,33840438.401863,33857661.5144066,,0.00123648410900931,0.00144952236193095
2019-01-04,891,291795356.985756,8281455.67014434,14.03094177,20.3698661755593,0.000261456063859155,1.00072951477312,,0.0800000733004658,291582643.14,1211,1250,20781402.120667,20796562.4605202,26690.1958606208,26709.6667527986,288.49,288.700457716897,33362744.825776,33387083.4409982,,0.00123636194140474,0.00144021830703478
2019-01-05,648,291266505.999579,7.99150262799604,30.34924229,20.182771147149,0.000262974295449371,0.998937828499505,,-0.123203282929022,291576209.94,878,918,9607363.740585,9597159.07262486,13140.665929939,13126.7082890907,192.33,192.12571255531,12063131.323684,12050318.2093853,,0.00123342065290792,0.00145904264699816
2019-01-06,612,302939746.802099,14293010.4770448,10.05413949,20.5157876719661,0.000247344373949175,1.00075379727602,,-0.118092032749944,302711563.65,797,813,30108152.359147,30130847.8023813,56289.6311966347,56332.0621672989,279.838556,280.049497541238,45763470.162864,45797966.542014,,0.00125631666293739,0.00147643061205556
2019-01-07,848,315272404.233509,12768811.3409893,11.13478817,20.9118938701763,0.000249909917315643,0.99989414708331,,-0.0622840416719901,315305780.27,1146,1179,28317178.139363,28314180.6834645,34634.6144276548,34630.9482526992,212.568026,212.545525054453,40834210.410205,40829887.9899324,,0.00126230425380627,0.00148089789085335
2019-01-08,972,325174844.583958,10118099.2046902,11.38358816,21.1256426456966,0.000250616363151207,1.00061660289012,,0.0663436094846649,324974464.39,1325,1383,28547630.126089,28565232.6773308,31135.7431783565,31154.9415675863,250.4432,250.597624000931,43060732.815667,43087284.1879718,,0.00125695752688741,0.00148163769230937
2019-01-09,1028,343134814.968801,18217283.665223,6.03500068,21.4191545318627,0.00024981797543649,1.00033588540977,,-0.0563876664126411,343019599.69,1412,1465,56838369.723634,56857460.9027393,56909.7371254041,56928.8522757784,249.988501,250.072468490096,83372764.888717,83400768.5840153,,0.00125695365909483,0.00148162920508349
2019-01-10,1219,356009601.191445,12862652.6964502,6.50707928,21.4286789399625,0.000275753330042256,1.00040645741735,,-0.0212381286051183,355864957.24,1765,1803,54688892.193144,54711120.8990226,41913.3310145092,41930.3669987858,233.45,233.54488748408,75569735.81916,75600451.6988109,,0.00124230363466014,0.00148137951792539
2019-01-11,1028,359870741.222846,13700091.6655062,6.38965335,20.8753356371102,0.000276280804317228,1.00128623239664,,-0.0324763607297219,359408458.42,1449,1461,56248506.581581,56320855.2330088,66290.3450546509,66375.6098440447,297.64,298.022834210536,96850194.124845,96974765.9821493,,0.00121794930207732,0.00148328679670981
2019-01-12,679,361341816.241843,9556783.47750922,10.9110427,20.5243455732426,0.000276377509587791,0.999663554129244,,-0.0382240416326432,361463429.12,926,977,33128220.546313,33117074.6933047,51583.7543514012,51566.3992102516,192.314091,192.249387718195,50397328.001319,50380372.0284158,,0.00125649610926618,0.00149797632637917
2019-01-13,679,369090444.556243,7292553.57693635,17.31781485,20.8484584491229,0.000285372514767692,1.00127801224555,,0.133298680026209,368619344.52,953,987,21285557.548003,21312760.7512027,33037.3695457994,33079.5917086397,314.975721,315.378263828489,32607883.741704,32649557.0164274,,0.0012913157949572,0.0014372554861023
2019-01-14,819,361138165.62231,12763997.426237,4.75624278,19.4762231849692,0.000272527066706249,0.999341817424269,,-0.0399836461161361,361376017.02,956,982,75979304.158943,75929295.9048294,143128.699119451,143034.494303604,256.83,256.660958969075,140552382.535301,140459873.406139,,0.00133246531053632,0.00140247640187673
2019-01-15,873,357280725.659845,6135333.13177652,5.75569435,18.5823983570478,0.000279484474786355,1.00091579748971,,0.206841121781975,356953828.24,1153,1183,62017509.329113,62074304.8084747,86102.4764445342,86181.32887632,179.32,179.484220805855,101859229.633884,101952512.060687,,0.00131068714901964,0.0014172768490776
2019-01-16,842,353102154.478517,36198083.6639363,1.88498261,16.5737616550788,0.000277242899086082,1.00001141520797,,-0.086138293690319,353098123.79,1118,1168,187321687.216744,187323825.532761,282769.054232697,282772.282100258,165.321751,165.32363818217,330274255.34379,330278025.493102,,0.00131392797530179,0.0014218143655598
2019-01-17,888,364390794.16066,40936700.1956507,1.25029845,14.8510933799789,0.000275020492499938,1.00111010626796,,-0.0466838318743815,363986730.21,1185,1214,291119875.649857,291443049.648544,370568.435129002,370979.805471546,250.00103,250.278557710399,449870080.246608,450369483.842457,,0.00132535821009308,0.00137414103655356
2019-01-18,898,348054487.716657,5169503.57264552,1.44816875,12.7958180328158,0.000276916366628038,0.999509337376234,,-0.139978618793284,348225348.88,1291,1325,240459096.974312,240341112.682882,265261.989424031,265131.835280315,262.684158,262.555268701814,351472135.986841,351299681.746417,,0.00135706225245673,0.00132399191828714
2019-01-19,694,348334490.297022,0,25.88133776,12.7363134242879,0.000271289250053283,1.000325383756,,-0.0203621192303908,348221184.78,885,914,13454528.04652,13458905.931391,22220.8534517746,22228.0837565323,190.384402,190.446349991807,20309860.054922,20316468.5534705,,0.00136327800447515,0.00132832695324507
2019-01-20,597,348079094.302647,0,35.54999125,12.7441772699157,0.000282509266127659,0.999606413205404,,-0.13833977415436,348216147.58,779,805,9795112.047581,9791256.82082748,17481.6266713578,17474.7461339519,195.032642,194.955879727594,14072709.470443,14067170.6378312,,0.00136808471624215,0.00132754631620275
2019-01-21,542,348174849.827001,0,7.60806404,13.0233232785607,0.000283009558895758,1.00061521688719,,-0.0017473049923883,347960778.48,692,695,45735784.62685,45763922.0539013,84061.8545656317,84113.5708381289,249.975683,250.129472261568,58422988.923114,58458931.7324996,,0.00135712033384709,0.00132274032886763
2019-01-22,725,346179382.488206,4835564.3535171,10.99775089,13.1397487637305,0.000279516444763156,0.999916511756375,,0.0636602981698168,346208286.81,975,1005,31479917.1398,31477288.9368085,47706.3360088866,47702.3530906834,249.977997,249.957126776086,47944867.688931,47940864.8561368,,0.00134995215311523,0.00123451951461034
2019-01-23,736,349711961.000996,11654556.070685,2.66829154,12.5828158461265,0.000281584199857505,1.00015717960937,,-0.016553052098015,349657002.05,963,1015,131041528.69702,131062125.753312,178446.492144944,178474.540294873,185,185.029078227733,181123189.527118,181151658.399296,,0.00133672199653863,0.00115338505551222
2019-01-24,735,340333439.462165,5717726.57094405,6.37798764,11.9972138765846,0.000280458395731147,1.00056026896375,,-0.0768068054095205,340142867.97,991,1036,53330750.591994,53360630.1563642,76838.1177452529,76881.1677578585,163.71,163.801721632056,79604289.984082,79648889.7971414,,0.00128977828508785,0.0011466217621047
2019-01-25,815,342550656.372438,15131713.5355883,4.31522211,11.7148741085118,0.000280653161546715,0.999504276626874,,0.0077704535671339,342720550.96,1093,1115,79421300.325231,79381929.3303357,123503.118175132,123441.894792798,157.33412,157.256125799326,137705976.765272,137637712.69397,,0.00128673001786366,0.00114502925036256
2019-01-26,643,334997598.11472,0,19.65795806,11.3830558813759,0.000281240024424315,1.00038199264437,,-0.0201703100876281,334869680.36,848,859,17034815.075998,17041322.2500552,31959.316430163,31971.5246539584,183.583099,183.653226393449,27453052.81351,27463539.6777503,,0.00126545633194325,0.00115058764479618
2019-01-27,672,341300202.758701,6303326.7744562,29.89810166,11.5587496500011,0.000282788428036217,1.00039633899826,,0.132084334323303,341164985.77,874,886,11410924.666653,11415447.2611046,16767.2821480948,16773.9276759049,177,177.070152002692,14855811.983212,14861699.9208518,,0.0012007069636236,0.00113737721064356
2019-01-28,1211,333879659.355283,771746.637969193,3.97455644,10.9916715025138,0.000291359736606617,1.00083599571677,,-0.0363746338423036,333600770.54,1768,1780,83934088.055076,84004256.593181,77486.381042355,77551.1593250145,249.9782725,250.187253265096,137925758.255392,138041063.598526,,0.0012027265536859,0.00113333888309247
2019-01-29,907,323486924.939845,145003.210481547,5.57416272,10.4331766127984,0.000294404865544566,0.999747038446296,,-0.117041182972325,323568775.4,1349,1358,58047960.15507,58033276.2528798,56838.3806090103,56824.0026839414,400,399.898815378518,77186520.867036,77166995.6447925,,0.00111059415052637,0.00113865456831812
2019-01-30,935,323479845.058258,150755.966818628,2.26957072,9.92798258148439,0.000290824253715781,0.999823499628591,,0.156679442633399,323536949.45,1351,1422,142554249.015401,142529088.137504,150433.608232411,150407.056644685,247.745,247.701272915485,213916590.906488,213878834.548742,,0.00106888209469874,0.0011354079367022
2019-01-31,1021,307809220.709561,3775.0900618682,2.55201408,9.10643702997839,0.000293258578100695,1.0000503488485,,0.0171429314553587,307793723.65,1395,1405,120608160.634556,120614233.116564,158653.906216107,158661.894257595,247.072218,247.084657801673,222908738.23363,222919961.431921,,0.00105305236768129,0.00113327887627675
2019-02-01,921,308314216.239366,10796075.1895312,3.91708892,8.89210715651777,0.000290559959809143,1.00099355795419,,0.0129617417261801,308008192.25,1259,1259,78631912.206395,78710037.5682208,106007.746581991,106113.071421814,200,200.198711590838,133463752.946727,133596356.920063,,0.00106615802553478,0.00113599811624512
2019-02-02,709,308438025.079379,200152.667630214,27.5099876,8.86460516190185,0.000289076572771034,1.00076433891541,,0.0255258368561606,308202453.95,903,907,11203293.087732,11211856.2006197,17395.0235836373,17408.3192770967,302.894435,303.125949003932,15777286.390359,15789345.5843267,,0.00106635740358678,0.00113484548099214
2019-02-03,624,308096856.878929,0,39.15638772,8.8400791855689,0.000292900032096435,0.999674140961928,,-0.105460446165756,308197285.75,762,766,7870932.527471,7868367.71296887,11638.1142899935,11634.321905266,230.836922,230.761701702646,8914795.546135,8911890.57943373,,0.00103159774062872,0.00114345602067095
2019-02-04,853,302181514.034274,108383.956180131,4.21766013,8.4803610880514,0.000292973783048529,0.999447236590818,,0.0509949745399305,302348641.3,1138,1142,71686345.553412,71646719.9646521,87937.0099553783,87888.4015939621,399.982137,399.76104151034,100424065.369042,100368554.620305,,0.00097303034962624,0.00111934252009006
2019-02-05,865,295465660.294753,50444.0067526752,10.41261437,8.22178086754937,0.000291813033753568,0.999887150026168,,-0.0865994465582877,295499007.35,1132,1137,28378944.706767,28375742.1435995,33640.8796864125,33637.0833140202,283,282.968063457406,38249680.203451,38245363.728041,,0.000964069694495208,0.00110602623597264
2019-02-06,951,292469822.934806,197700.607101891,14.30404762,8.106302131956,0.000297099764586717,1.00048534828317,,0.0591263786856264,292327942.07,1358,1364,20436728.807022,20446647.7382621,21206.5613956004,21216.8539637657,289.413779,289.554245480763,28925749.743599,28939788.8065765,,0.000961016774884522,0.00110635016266107
2019-02-07,934,287247373.466866,308302.575617868,8.19064541,7.87818638817367,0.000297800935516408,1.00027570008289,,-0.0340692735104984,287168201.17,1293,1335,35060509.475969,35070175.6613377,57977.5370615948,57993.5214733684,200,200.055140016578,77400011.977229,77421351.1669468,,0.000960378477843438,0.00109967512465932
2019-02-08,1160,287535741.631725,340854.941570206,5.22874923,7.75752150714221,0.000276920359297362,1.00036915411116,,0.00332575306706596,287429635.8,1761,1790,54971011.796222,54991304.5712212,49701.1339496458,49719.4813275726,349.694998,349.824089346164,88965029.769866,88997871.576355,,0.00096044965614317,0.00109916753652836
2019-02-09,713,287765087.812643,449827.92650246,65.55672105,7.75536087350807,0.00027604094683579,0.999618280862099,,-0.078785632520369,287874975.2,936,935,4391235.110659,4389558.89217824,6282.87422009947,6280.47592676863,240.390177,240.298415468876,5874487.395793,5872244.99152867,,0.00095476816100743,0.00109535441973202
2019-02-10,675,287687516.008061,0,67.45047666,7.74978476511449,0.000274398409831919,0.999365143922149,,-0.191862068241243,287870272.2,904,905,4267876.025115,4265166.53808094,6096.93276802099,6093.06209319697,206.730314,206.599070003681,5517724.155059,5514221.19434325,,0.000907324015169675,0.00107690997579553
2019-02-11,794,258404951.543216,66289.0850158123,6.41349013,6.89157061764806,0.000278411509504637,0.999669512084154,,0.000595996011395551,258490379.49,1036,1039,40304167.336786,40290847.296523,70983.2389804524,70959.7798777417,224.979811,224.905457891155,73751585.30069,73727211.2929736,,0.000854677881077556,0.00107762343343244
2019-02-12,955,258416730.076149,296683.097619656,1.76242219,6.62030757162145,0.00027857099675502,0.999485566160336,,-0.179015824106046,258549736.81,1364,1386,146701363.027561,146625894.882095,161033.76399746,160950.922779932,285.6904815,285.543512648646,223192796.90048,223077978.972985,,0.00077526568933105,0.00107756420304703
2019-02-13,941,257237656.444938,14975526.8643127,4.70350313,6.52847188142928,0.000279728444255192,1.00033279779811,,0.0991633049435701,257152076.8,1280,1292,54672457.924888,54690652.7985027,71024.961255757,71048.5982064737,412.433455,412.570711945691,91764249.942438,91794788.8827641,,0.000733367875664148,0.00107664645694496
2019-02-14,930,247760703.65334,395612.118280664,7.31972064,6.25458298831658,0.000280950441578865,1.00072198078365,,-0.0193639371609572,247581954.24,1263,1278,33823962.183167,33848382.4338902,37143.2289157238,37170.0456132437,410.8161415,411.112742859776,47469046.554295,47503318.2937254,,0.000716829789396673,0.00104488162126396
2019-02-15,1027,248145822.981085,1357532.18837189,29.47069862,6.25643934377402,0.000280453230510378,0.999817708551611,,-0.0193704445182456,248191066.09,1425,1440,8421621.3981,8420086.20853756,9428.68110821458,9426.96234027897,284.936383,284.884441534044,13577300.795829,13574825.7700017,,0.000706070893131706,0.00104711214804715
2019-02-16,794,245118942.96827,212122.747238225,10.97806007,6.14721192237943,0.000279197945115217,1.00085092571484,,-0.0258893154206803,244910542.29,1053,1066,22309091.100922,22328074.4802145,25804.232110425,25826.1895950794,199.994438,200.164618410119,27507311.429713,27530718.1083547,,0.000667095542684078,0.00105265488477352
2019-02-17,710,244699772.808181,0,41.95040013,6.14925032281161,0.000276116176268279,1.00030192883991,,0.0792980549592999,244625913.19,967,986,5831312.988844,5833073.63040987,7254.37814389858,7256.56844987584,252.779564,252.855885440511,7152816.849884,7154976.49157757,,0.0006589356232432,0.00105392403525783
2019-02-18,1240,244579319.8767,133404.885319813,19.35991998,6.18267211899601,0.000258472550423257,0.999288279016036,,-0.103676739269566,244753516.09,1802,1819,12642279.32786,12633281.5523772,8613.4223088851,8607.29195548412,300,299.786483704811,15667815.179862,15656664.0670256,,0.000672547684127725,0.00106017484910371
2019-02-19,1260,245198015.5153,179780.590222981,17.00661399,6.21559223933159,0.000257144844267284,1.00169108068273,,0.208548829798031,244784065.91,1660,1859,14393462.802515,14417803.3094179,10087.3929205342,10104.4515158412,299.20551,299.711490658127,18752463.439273,18784175.3679488,,0.000787831451649907,0.00110531636206125
2019-02-20,1156,245699327.232574,1453171.28823837,6.64611757,6.18065031139202,0.000254296983712835,0.999797537850409,,-0.0817176296123796,245749082.12,1657,1762,36976336.860422,36968850.5517772,26570.4284796793,26565.0489736138,306.1951565,306.133163570421,46817094.981195,46807616.2915075,,0.000855874111581495,0.00111900216852219
2019-02-21,1152,245567406.780274,476390.459747924,2.44267159,6.02727989413674,0.000256758077120756,0.999369653947953,,-0.054690346843202,245722296.86,1553,1589,100595715.784333,100532305.672036,72007.4150237602,71962.0254339819,265.485,265.317652578372,114419782.472755,114347658.414597,,0.000858049830734039,0.00111193346814121
2019-02-22,1127,233293390.772331,161471.067020748,13.40239689,5.70834630505308,0.00025361540791208,1.00134984453505,,0.119247749253347,232978905.47,1542,1581,17383376.078503,17406840.9337033,20581.874963888,20609.6572953291,238.46,238.781883927828,32539944.317907,32583868.1839154,,0.000932946542596433,0.00113436250950945
2019-02-23,1044,233645378.705582,300476.99029619,69.00990355,5.72778164441095,0.000243686976941839,1.0015903015174,,0.102945578152592,233274402.07,1393,1426,3380303.261821,3385678.96322755,3633.99430814586,3639.77345480833,286.06,286.514921652067,5182075.883416,5190316.94655668,,0.000909966046771549,0.00110635966834733
2019-02-24,1251,234136134.675796,0,34.71836903,5.74597515173578,0.000267361973574384,1.00372598722567,,0.422380443737918,233266984.87,1749,1807,6718834.766169,6743869.05867913,4702.04525077753,4719.56501131645,331.726739,332.962748591927,8496595.768155,8528253.97544883,,0.000976829256035135,0.00113033711910198
2019-02-25,1245,231721606.835429,818290.976662306,13.31016284,5.67731682714893,0.000261834329595552,1.00073570314389,,0.0353575436304034,231551253.85,1694,1754,17396575.585088,17409374.3004389,13088.3053921511,13097.9344995763,431.102022,431.419185112923,22956887.657833,22973777.1122568,,0.00113388344009829,0.00118069453626323
2019-02-26,1180,233942158.074406,2273295.07535967,11.31798989,5.73740662277935,0.000263649881432871,1.00086110667709,,0.046458354625275,233740882.24,1561,1598,20652155.069823,20669938.7784499,15799.9101428999,15813.5155510213,299.9660395,300.224342259514,25248256.408354,25269997.8505321,,0.00113114910583097,0.00114776287088775
2019-02-27,1341,235954708.256946,2788228.27358676,14.95323678,5.81670079060659,0.000263270069352475,1.00026356063625,,-0.0571956926978942,235892536.27,1817,1891,15775349.49185,15779507.2529991,10380.7841964627,10383.5201625503,322.111902,322.196798017835,19630062.915511,19635236.6273826,,0.00111784705892348,0.0011498053728068
2019-02-28,1161,236897272.799087,1054457.44272602,17.63870429,5.8325577673081,0.000263624197456717,0.99991279946299,,0.016580295846806,236917932.17,1556,1615,13431708.376376,13430537.1241926,11176.6458626241,11175.671253103,288.49,288.464843517078,18050283.068138,18048709.0737613,,0.00111985944408922,0.0010961240128624
2019-03-01,1167,239455460.871336,3051189.1727861,17.38248041,5.88176985161877,0.000262466234308624,1.00016241315413,,0.0338973354462013,239416576.47,1561,1659,13773441.46749,13775678.455562,12771.61850778,12773.6927866252,450,450.073085919359,21188115.104407,21191556.3330112,,0.00112002969080382,0.0010761197572414
2019-03-02,993,239948730.416847,475143.900730161,52.54485665,5.89675519070191,0.000262560613686813,1.00026230666872,,0.0211947148925097,239885806.77,1181,1230,4565352.76814,4566550.29061614,5096.92305883089,5098.26001573918,156.1829525,156.223920329981,6269215.362362,6270859.81935919,,0.00110564038193883,0.001068368737747
2019-03-03,755,239989010.941203,0,105.25162501,5.90331294799709,0.000264505080331079,1.00045922043364,,-0.0533807152207908,239878853.67,1101,1287,2279098.813355,2280145.42210038,2585.03908441647,2586.22618718579,389.818337,389.997349545758,3326945.301644,3328473.10290812,,0.00110566472749827,0.00106771547452988
2019-03-04,1100,241389576.705749,1427259.60400811,14.65133863,5.94441611326196,0.000270565933100591,1.00059661307011,,-0.0167597743822155,241245646.4,1529,1618,16465775.073861,16475598.7704796,12091.1413514091,12098.3550843719,384.657323,384.886814586415,19563466.70658,19575138.5265138,,0.00108618866244236,0.00106747332019674
2019-03-05,1082,241705942.876931,525518.781333033,20.52270763,5.94499592378622,0.000260566142471886,1.00060735235054,,0.0933515583102067,241559231.31,1717,1887,11770339.260824,11777488.0040407,8023.10999210122,8027.98284681356,499.983971,500.287637440019,15139608.555095,15148803.6319372,,0.00108506213805128,0.00104082940509201
2019-03-06,1098,242408330.850753,983793.900282149,28.71830266,5.96521291896523,0.000259605717087158,1.00000081346591,,0.0553883041370179,242408133.66,1458,1526,8440893.478886,8440900.3452651,7744.36655473919,7744.37285451737,337.106492,337.106766224639,11817903.362532,11817912.9759935,,0.00108867629159777,0.00101658204330065
2019-03-07,1231,238693927.011204,978298.529912922,9.74915909,5.8618343355961,0.000259156000508544,0.999285626570723,,-0.0601591345012605,238864565.51,1617,1671,24501042.954154,24483540.060078,30933.7192752813,30911.6210481623,275.982728,275.785573272177,51690244.908995,51653318.7714792,,0.00109039641411824,0.00101468632657718
2019-03-08,1140,244347983.230141,9488415.65205289,13.55352764,5.9906081058154,0.000260550379724821,1.00031376005855,,-0.0171504984969813,244271340.64,1554,1693,18022713.133196,18028367.9407239,17915.1933397714,17920.8144118826,300.2,300.294190769577,30330422.324233,30339938.7993173,,0.00110767063243567,0.00101926831806029
2019-03-09,1054,240101353.202365,49955.538772938,12.82766815,5.89088546878177,0.000255503451701707,0.99911077545876,,-0.116460354283658,240315047.24,1414,1518,18734117.882953,18717459.045573,16458.1273116265,16443.4923409181,249.982831,249.760540131786,24983437.259049,24961221.3735137,,0.00112977326002536,0.00103058433914352
2019-03-10,807,240331490.855767,0,61.70605619,5.90318410748241,0.000256176794980655,1.00009165146975,,-0.0277400237971626,240309466.14,1072,1135,3894422.70326,3894779.63282458,4184.08228955595,4184.46576684734,201.925939,201.94444580909,4748933.398646,4749368.64537173,,0.0011368004066096,0.00103876352025356
2019-03-11,1062,240956135.535665,3230234.97342418,15.00999661,5.90236885559893,0.000259664524881398,1.00011581409683,,0.0497723225211448,240928232.65,1421,1497,16051185.018478,16053043.971974,13727.5637676613,13729.1536130608,483.840711,483.896746574954,20550162.960189,20552542.9587519,,0.00113561740007645,0.00103215627108951
2019-03-12,1124,240814640.382686,141217.05434085,25.94731514,5.92943391843157,0.000259040173595222,0.999613965843028,,0.0248979987337163,240907638.96,1440,1471,9284491.966613,9280907.83558376,7142.44375016044,7139.68652290862,384.630395,384.48191452972,10506534.756486,10502478.8751986,,0.001138421177267,0.00101229151052511
2019-03-13,1040,240780791.853168,16037.0457460371,44.82411128,5.94122789235748,0.000259507547021404,0.99961203333467,,-0.0057497751796187,240874243.03,1335,1380,5373765.059417,5371680.21770663,4654.04845792971,4652.2428422692,247.4340765,247.338080326451,6422586.871943,6420095.1223315,,0.00113788292196295,0.000989458223095491
2019-03-14,1185,241001446.5195,237074.809332075,29.04688243,5.96490502699887,0.000259414044635958,0.999712449163902,,0.0226999779934386,241070766.62,1468,1522,8299368.002951,8296981.51274267,7251.55323255191,7249.46804235688,299.9848735,299.898612598808,11036864.019944,11033690.3604672,,0.00112651821346132,0.000956753032667833
2019-03-15,1143,240014251.673859,1107466.99452542,25.22900159,5.93730247466664,0.000256423482639005,1.00051334823095,,0.0180490366043644,239891104,1544,1581,9508545.279027,9513426.4739249,10825.5376459968,10831.0949165965,300.023015,300.177031283995,17115175.018321,17123961.0631391,,0.0011344440611642,0.00094006544907292
2019-03-16,1111,239972550.566331,0,38.57226165,5.93272916405519,0.000250730875961996,1.00036269657835,,-0.0359024996151887,239885544.9,1599,1671,6219120.545804,6221376.19954631,5840.74139455177,5842.8598114706,300.0185,300.127315683392,9759878.870296,9763418.74496737,,0.00112172763969226,0.00093275744184437
2019-03-17,748,239936513.222698,0,14.40148501,5.95850643028786,0.000252134735370494,1.00024300548142,,0.0425374471937569,239878221.5,1018,1046,16656492.109995,16660539.728879,18076.250353239,18080.6429811584,266.8829875,266.94784152886,18907757.869488,18912352.5582916,,0.00110480515639878,0.000921580594932711
2019-03-18,1020,240141470.888649,509315.86480919,21.7208159,5.9773778408603,0.000251766955590922,0.999384228974243,,-0.146544975171942,240289434.16,1454,1495,11062633.890522,11055821.8411037,12135.913838289,12128.4408941763,499.9,499.592176064224,18143191.188242,18132019.1367935,,0.00111157941182611,0.000904484833682288
2019-03-19,1096,240427550.270109,265332.335772184,31.50223505,6.02049977150122,0.000250284527353231,1.00019426876044,,-0.0107627583598593,240380851.78,1437,1460,7630596.729697,7632079.1162651,8720.18006045548,8721.87411902664,300.05,300.10829034157,12731462.888265,12733936.2137789,,0.0011056076353659,0.000904393080318132
2019-03-20,954,240904854.337397,584202.92735126,35.07945986,6.35301381467006,0.000248070076196186,0.999872881144875,,0.0585018498780629,240935481.78,1243,1278,6868277.982459,6867404.89482519,8818.66194127074,8817.54092306103,235.5313175,235.501377028573,11270249.960944,11268817.299672,,0.00100846921706948,0.000900432589208724
2019-03-21,1321,244087820.732467,3510258.22809269,11.12120431,6.45333893277844,0.000251440447437156,0.999796075998705,,-0.189180548830817,244137606.25,1876,2007,21952443.228755,21947966.5986936,19729.7573395924,19725.7339685312,302.007864,301.946277347951,39597622.980562,39589548.074842,,0.000945210240054772,0.000890596958446765
2019-03-22,1062,245151848.133631,993211.354390946,18.17880739,6.48541891538454,0.000251205176425042,1.00076765053632,,0.0970309136784674,244963801.54,1506,1546,13475240.497485,13485584.7730799,13696.4000859489,13706.9141348205,211.548568,211.710963371683,21174634.532877,21190889.2524325,,0.000958209484356827,0.000894986461339236
2019-03-23,886,245330212.000956,175140.456957387,5.41690332,6.44728476700353,0.000251344308308964,1.00080261118507,,0.143386106577911,245133465.14,1154,1177,45253431.862628,45289752.7732038,49417.6817373118,49457.3449214144,200,200.160522237014,58164611.404816,58211294.9725048,,0.000883349831904783,0.000894490456687036
2019-03-24,786,245469512.347381,385933.747625362,67.62049992,6.47501255751957,0.000251803420325977,0.999828620746694,,-0.151917314079406,245511587.94,980,1003,3630727.194026,3630104.96271053,4608.64859517647,4607.85876842148,200,199.965724149339,4622474.540962,4621682.34472674,,0.000899254470182757,0.000902011575383727
2019-03-25,1015,246797888.362835,1458612.08979081,19.50221875,6.49634933141699,0.000255750637265791,0.999549479928017,,-0.203758122087552,246909125.88,1347,1397,12660565.912613,12654862.0735467,12616.0533239535,12610.3695387018,300,299.864843978405,17624626.493563,17616686.2455664,,0.000794866203511055,0.000892132258201384
2019-03-26,1212,245602906.471823,252808.619947859,13.14764065,6.44821991439879,0.000255221126704783,0.999831600355701,,-0.387993029923767,245644272.88,1592,1641,18683525.014229,18680378.7152623,14670.9312013248,14668.460621729,213.090412,213.054527650416,24074998.101374,24070943.8802572,,0.000580630558176087,0.000885381930565217
2019-03-27,1289,245996543.451373,1133576.54442984,7.2806195,6.47694650067585,0.000248393870549709,1.0002809195933,,-0.0454449210876741,245927457.61,1737,1793,33778369.760945,33787858.7668406,25230.4465290368,25237.5342558145,300,300.08427587799,45238190.626563,45250898.9206754,0.00137175862403233,0.000586832654962107,0.000887390931281203
2019-03-28,1148,246583490.760201,488415.470375501,51.82458805,6.51806374276381,0.000249496020420921,1.00071293492882,,-0.0148044266363817,246407818.02,1456,1494,4754650.780286,4758040.53690161,5097.21885122891,5100.8528365878,261.765686,261.952307900716,7615244.963736,7620674.13786217,0.00137207920844602,0.000581772579147797,0.000887326435463986
2019-03-29,1315,246742903.983664,272618.432911198,37.16907816,6.54989265313957,0.000244667957737966,1.00056008091436,,0.0296442147628961,246604785.35,1718,1759,6634675.852654,6638391.80797204,5455.98996347413,5459.04575932162,284.039275,284.198359976856,9597086.345751,9602461.49064672,0.00135551467332983,0.000578473987193955,0.000875858682138596
2019-03-30,1064,246685834.034539,83006.4802145437,28.48322186,6.54054390769107,0.000244449925775751,1.00026246060471,,0.0349691635018221,246621105.71,1364,1401,8658469.430185,8660741.93730751,9024.66008987509,9027.02870761958,192.300115,192.350586204469,12643548.785915,12646867.219375,0.0013173400510774,0.000579716634974859,0.000876749877968876
2019-03-31,839,246704283.748706,80002.606504897,63.16698072,6.56385637772762,0.00024425041650566,1.00003883155391,,-0.0123561532201906,246694704.21,1078,1086,3905437.64174,3905589.29595233,5262.69260883425,5262.896967366,296,296.011494139957,5715284.173194,5715506.10655948,0.00131495129816051,0.000580905770030095,0.000876767489618654
2019-04-01,1126,252886942.302744,6648557.13706451,9.67744943,6.71829038003047,0.000241672511414701,1.00014182487375,,-0.012045020007931,252851081.73,1537,1567,26127863.913904,26131569.4949049,24511.9582104659,24515.4346158444,396.632279,396.688531322894,38410238.5158,38415686.0430282,0.00131153046041393,0.000579986173062366,0.000867968714398008
2019-04-02,2159,257194103.371053,5091447.54102916,4.06549669,6.83643275714188,0.000204051637570038,1.00061198641924,,0.0152695864538861,257036800.34,3360,3437,63223960.06977,63262652.2747033,34870.4073023378,34891.7475180402,566.955585,567.302554118332,119849589.898135,119922936.219504,0.00131192184638221,0.000586278913354516,0.000869757864902242
2019-04-03,2578,257227652.578855,591760.954131347,6.18990408,6.79509256229415,0.000201912872196348,1.00153380201824,,0.0936630142345214,256833720.5,4093,4172,41492358.706416,41555999.7699414,15663.1689940849,15687.1931943,500,500.76690100912,65346741.043322,65446970.0066197,0.00131137933205364,0.000610694160859124,0.000865801677789162
2019-04-04,1741,257993940.776912,1635835.42719798,10.31995204,6.80693796520876,0.000203477208232546,0.999331447932573,,-0.127512996478574,258166538.55,2582,2630,25016253.710397,24999529.0422596,13762.8167541395,13753.6155945449,331.334123,331.112608887059,36196208.063387,36172009.0136532,0.0013209917427855,0.000730340108277621,0.000912844057386147
2019-04-05,1614,261147919.047264,2944150.03790122,17.57856239,6.87954680074549,0.0001987099798095,1.00015213424144,,0.0151320652435736,261108195.55,2192,2231,14853785.524442,14856045.2938353,12164.6062195504,12166.4568726901,288.49,288.533889207313,27139236.475817,27143365.2829715,0.00128642081563673,0.000734036742046195,0.000917358902288906
2019-04-06,1376,260990786.647995,0,27.42591962,6.91714555431844,0.00019816038876141,0.999591713642363,,0.0306305888427962,261097389.15,1744,1788,9520096.052453,9516209.12711139,6714.97715192897,6712.23551836599,300,299.877514092709,12006379.147649,12001477.1068384,0.00127028902596698,0.000715922828115035,0.000916833439552031
2019-04-07,1290,261026206.379771,0,50.43865902,6.96554784585811,0.000192663375230347,0.999751823810483,,-0.0561759990219685,261091002.95,1688,1720,5176406.511202,5175121.85035866,5125.80440006919,5124.53229746497,229.392737,229.335807184628,8816383.568119,8814195.55163975,0.00126751314906069,0.000679619464845664,0.000916745199841664
2019-04-08,1821,261415948.112071,716064.607391852,6.97630355,6.95757410548172,0.000189277104894367,1.00003101407382,,0.0921057642119234,261407840.79,2631,2667,37470823.771224,37471985.8941185,19258.9389041579,19259.5362023107,514.878,514.8939684643,51363590.057389,51365183.0515627,0.00126700019511047,0.000656338640117195,0.000917421542333948
2019-04-09,1334,266586052.12469,5156276.76174457,9.04826289,7.1531253341293,0.000192496448887004,1.00013029736463,,0.00386423532515371,266551321.19,1733,1762,29458839.164009,29462677.5731171,20585.2258247457,20587.908025421,369.2724725,369.320587729997,36271167.903202,36275893.9407918,0.0012201110260152,0.000656594104538822,0.000912177605419125
2019-04-10,1586,263137214.560731,193631.404363636,6.83534213,7.09488276809763,0.000188270536009762,1.00004443879355,,-0.00713670379708953,263125521.58,2191,2236,38494857.557563,38496568.2225907,25095.758231102,25096.873456321,379.98,379.996885852773,56114115.404744,56116609.0483337,0.00118873466226804,0.00064973370140359,0.000911608930320506
2019-04-11,1743,259354190.079794,66158.7121533467,10.29484997,7.05870874052591,0.000197920671387317,0.999631207373522,,0.00172481888840384,259449873.28,2504,2574,25201909.120985,25192614.842728,18183.9324669549,18177.2263667407,310.2922725,310.177838997849,46805442.169942,46788180.6679907,0.00118822730222393,0.000654585473589154,0.000912420764076113
2019-04-12,1453,260006123.360983,857099.368115444,14.77699627,7.10982458411931,0.000196846339677375,1.00054266798202,,0.0930995842702522,259865102.89,1964,2006,17585786.59212,17595329.8354422,12436.5265131765,12443.2754179227,300,300.162800394606,24947672.185432,24961210.488353,0.00118293919467611,0.000675972236376736,0.00091974052283952
2019-04-13,1071,259643032.065791,0,41.83313257,7.13263267459121,0.000196893743599533,0.999194537445637,,-0.0518060687048695,259852333.39,1421,1484,6211639.373199,6206636.13028268,5350.1481042628,5345.83876030452,200,199.838907489127,7939619.786726,7933224.72029191,0.00118552378143946,0.000705455430037141,0.00092996555356874
2019-04-14,844,259804871.48372,0,46.94469753,7.29379927495664,0.000193887657751429,0.999840656918826,,-0.0672346164410021,259846276.19,1071,1103,5535157.107772,5534275.11878366,8442.72441970082,8441.37912997828,203,202.967653354522,9312325.03493,9310841.18036604,0.00118529436456663,0.000716650945562851,0.000932514828228555
2019-04-15,1162,260014312.308401,143061.095525168,24.30573957,7.41857043967415,0.000198364640026912,1.00033259458156,,-0.00300910828573083,259927861.71,1542,1608,10694093.916233,10697650.7139242,10473.1734184876,10476.6567392183,439.950117,440.096442025071,16840862.856928,16846464.036663,0.0011760097274115,0.000722526384966338,0.000927261679125272
2019-04-16,1262,259920072.298198,458024.536208815,18.99686223,7.84788463388828,0.000192078965356475,0.999955978551471,,-0.0286957197776982,259931514.86,1598,1630,13682865.711467,13682263.3718984,11765.6280626644,11765.1101226742,250.783,250.771960169074,19177973.742143,19177129.499959,0.001145337568411,0.000707365987675932,0.000918536388564839
2019-04-17,1195,256372670.661395,105855.632046857,17.06961829,8.53199459042966,0.000191336184019471,0.999990289197273,,0.0606433647299054,256375160.27,1546,1584,15019384.496158,15019238.6458781,17851.4947857071,17851.3214333628,355.688089,355.684634983135,28276767.74056,28276493.1504467,0.00114487089583712,0.000690880579889955,0.000915829876521209
2019-04-18,1443,252983609.107671,119262.14502491,12.5757719,9.1655915853788,0.000189439328662647,0.99995593955188,,-0.0238282917632886,252994756.17,1883,1928,20117632.39209,20116746.0001917,18685.0555245928,18684.2322526733,399.9835215,399.965898046802,36024787.051415,36023199.7831541,0.00113821652162157,0.000688267513657992,0.000906057489743516
2019-04-19,1493,253228265.283293,213544.923446578,20.34173438,9.17818788987105,0.000189164531651946,1.00067114482489,,0.0798365167280935,253058426.43,2041,2079,12440356.445591,12448705.7264392,8864.84315761809,8870.79275122678,340,340.228189240463,18430008.924688,18442378.1298005,0.00113938719121849,0.000700588605552011,0.000854479958112341
2019-04-20,1103,253251690.227281,399700.132989493,31.86151491,9.18585381480756,0.000188042032427105,0.999250332473733,,-0.0545854837874719,253441687.23,1483,1513,7954476.991219,7948513.77813024,9266.92686575942,9259.97975161987,247.858674,247.672862400999,14020860.347894,14010349.3642009,0.00114425815377844,0.000726182057746611,0.000838708879419226
2019-04-21,1109,252347757.222526,0,15.60175176,9.26353571393165,0.000188870356910429,1.00020713822922,,-0.0560082359576479,252295497.18,1553,1593,16170972.400311,16174322.0268988,15489.5494312486,15492.7579090892,310,310.064212851058,24674852.243979,24679963.3491791,0.00114417666859919,0.000749939436713029,0.00084613741150272
2019-04-22,1201,252271949.942929,58845.8185307681,21.17264065,9.33523979710133,0.000185738589440306,0.999979413247672,,-0.0822537759392215,252277143.51,1592,1614,11915242.302299,11914997.0061568,10955.2344586518,10955.0089259533,439.9031295,439.894073323225,17681748.416264,17681384.4064886,0.00113866703736101,0.000728567014760597,0.000805569285974668
2019-04-23,1413,252961045.48732,670388.543733679,16.60733481,9.82883905223753,0.000180388894772429,1.00023165625807,,0.0403104595140513,252902459.05,2009,2062,15228359.15204,15231886.8967377,10933.3522496663,10935.8850291367,450,450.104245316131,22544572.338812,22549794.9300798,0.00112521405707802,0.000727840635920002,0.000805639087905359
2019-04-24,1681,252678231.967234,1162119.63053422,9.97519903,9.93811352471594,0.000184146944990565,1.00027661474912,,0.072746255758679,252608356.77,2479,2561,25323640.750902,25330645.6434351,16317.0178187345,16321.5313465248,488.02094,488.155933789883,41787882.633779,41799441.77845,0.00111135485237681,0.000726160578230007,0.000753618139614261
2019-04-25,1618,258277593.067185,4868597.90090742,6.74018886,10.3439648567818,0.00019571651931968,1.00357034453,,0.373937388353087,257358733.72,2459,2526,38182718.457322,38319043.9173066,24996.7187838266,25085.9656820044,490.269597,492.020028373874,63141711.647946,63367149.3127431,0.00113720995064466,0.000945005653224529,0.000775828845730149
2019-04-26,2221,292729761.941276,38032120.0442113,1.63376767,10.9348304737174,0.000194490999822007,1.00166067410095,,0.137936701642867,292244439.17,3349,3406,178877599.165465,179174656.561639,74033.5316849935,74156.4772536647,700,701.162471870665,252158208.919088,252576961.525982,0.00114558949264152,0.00101395920141306,0.000816296728138891
2019-04-27,1289,292523240.713436,0,4.1154153,10.663057552869,0.000193172025514365,1.00098030152975,,0.0267176121740739,292236760.57,1685,1717,71010272.103198,71079883.5815687,64447.7130482382,64510.8912399283,350,350.343105535413,110656723.303825,110765200.258957,0.00114436197380625,0.00102208370928933,0.000817427410182531
2019-04-28,1175,292151438.271984,0,10.4725951,10.8971397690214,0.000194297564584592,1.00037396712865,,-0.018600960528018,292042224.08,1464,1482,27886328.192401,27896756.7624837,33729.0665657915,33741.6801279672,215.852938,215.933659903435,49986476.650503,50005169.9496473,0.00114408815439867,0.00102703862364625,0.000820051555071201
2019-04-29,1441,292315980.933286,250460.748033169,7.39589088,10.9875621428759,0.000194382290080921,1.00083563105331,,0.0573020053410329,292071916.57,1820,1880,39491106.769514,39524106.7646602,28679.923788258,28703.889623182,399.5286225,399.862481023647,53918256.721925,53963312.4915822,0.0011441162367633,0.00102949483723063,0.000821590208928398
2019-04-30,1962,293307160.32608,1362624.96060294,8.77832092,11.5512290830608,0.000189954814683768,1.00041948466855,,0.0380638333861991,293184174.06,2523,2627,33398662.08421,33412672.3109044,16734.4361380232,16741.4559774199,300,300.125845400565,43961363.734587,43979804.8526822,0.00114452304491835,0.00103263949192849,0.000823374565546016
2019-05-01,2400,294790740.691405,1630093.563465,5.04332718,11.934286457209,0.000188329143021892,1.00100241473059,,0.0860467821100028,294495534.03,3006,3102,58393105.073195,58451639.1818853,26671.790475413,26698.5266710767,90.577904,90.6687006252356,82735894.054731,82818829.73368,0.00114439620178311,0.00103464088860448,0.000826467885737592
2019-05-02,3103,293476942.763375,267477.168707224,13.65531884,12.1949729991299,0.000185431522265014,1.00005619003581,,-0.0555456451625078,293460453.21,4083,4120,21490560.316067,21491767.8714207,7731.81739228155,7732.2518433777,25,25.0014047508953,31855087.6562,31856877.5947161,0.00114138949004856,0.00103423608815258,0.000835550983684965
2019-05-03,3182,296777847.978964,3570596.50733132,7.48538334,12.1723271666363,0.000176767951900859,1.00022915072563,,-0.130265328037952,296709856.7,4652,4753,39638565.331673,39647648.5376817,12689.9955653854,12692.9034870775,58.938344,58.951849764295,60315548.922277,60329370.2740793,0.00113308846150088,0.000948328239586352,0.000835884335856091
2019-05-04,1697,299441575.064069,2626007.29662133,9.8225505,12.1562856767406,0.000173235273069945,1.00038388448567,,0.105314063244417,299326668.2,2460,2520,30473416.078585,30485114.3502429,20290.1221528171,20297.9112159239,333.4095335,333.537524247285,51131107.825099,51150736.2641282,0.00112919124899937,0.000936504600178192,0.000832331066950988
2019-05-05,1297,300046869.020884,975039.688072518,28.08415432,12.5252872536764,0.00017457742869808,1.000040910852,,-0.0111206471127679,300034594.35,1753,1778,10683412.10798,10683849.1754716,9691.70977469404,9692.10627079826,146,146.005972984392,17231859.979406,17232564.9494793,0.00112937264458691,0.0009326510615887,0.000828162535325006
2019-05-06,1594,305937217.203474,6124173.72321928,7.2353551,12.689319444549,0.00017572290837582,1.00016003465696,,0.0568553147090466,305888264.48,2091,2152,42276883.495757,42283649.2623046,25451.2681387268,25455.3412236925,385.000002,385.06161534325,54771129.03454,54779894.3133863,0.00112859904961923,0.000932454775749069,0.000817328121655713
2019-05-07,1365,311445285.615005,5075689.94229723,15.94425483,12.923216033311,0.000171952392330234,1.00175077146473,,0.199944386860748,310900969.07,1791,1843,19499247.369416,19533386.0952941,16033.7684042051,16061.8398683993,395.103734,395.795470343095,29550235.16895,29601970.8774599,0.0011347957698282,0.000976451459658501,0.000827391511633297
2019-05-08,1209,325577599.553122,14163104.4534238,18.30752959,13.6181617347377,0.000168877741475972,1.00174908736499,,0.171802000837054,325009130.19,1605,1711,17752757.332092,17783808.4556353,17102.1528355172,17132.065994956,250.47,250.908093912309,29261783.50157,29312964.9173697,0.00113385999220209,0.000976483626765999,0.000818051912508451
2019-05-09,1338,325918605.632305,27153.2886146403,15.69936141,13.8528106860237,0.000163069276800438,1.00289895454963,,0.276829648326379,324976513.49,1687,1739,20699982.945645,20759991.2553825,15090.2338819695,15133.9797841366,100,100.289895454963,26241916.720745,26317990.8446136,0.00113681915155512,0.000996732340093629,0.000830923759164395
2019-05-10,1578,328027738.54125,2439325.31746538,15.2319136,13.8304653644282,0.000157707025324515,1.00261665618028,,0.257210308557196,327171642.84,2122,2174,21479352.587368,21535556.6680642,17315.0855690704,17360.3931947368,121.128662,121.445614062031,37642996.027159,37741494.8053577,0.00113692164669945,0.000994614900644446,0.000828906000076867
2019-05-11,1776,330337102.667286,705382.496955209,25.49957385,13.8713668542986,0.00013756698572451,1.00768956927589,,0.806133486322521,327816336.24,2618,2733,12855757.437537,12954612.674947,7520.56164055287,7578.39152028151,282.093113,284.262287534665,20553694.963631,20711744.0249294,0.0011965645876261,0.00134827572028211,0.00105354019219468
2019-05-12,1742,328700336.47021,0,21.8175848,13.967018530942,0.000144430098049118,1.00272374581369,,0.21798948725185,327807472.24,2562,2737,15024920.274928,15065844.3386279,9862.38108035148,9889.2436995321,250,250.680936453422,26993337.016922,27066860.0056194,0.00125289590371713,0.00163450244332075,0.00124371575741145
2019-05-13,1739,338148118.774119,11476900.7929012,9.85756179,15.1731117258029,0.000128323048975909,1.00077936271952,,0.158610282031217,337884783.97,2504,2628,34276709.705455,34303423.6951472,17249.6103147523,17263.0540179578,196.0261805,196.178955997132,45331975.907169,45367305.9591932,0.00123234963093166,0.0016749477744243,0.00126623472196864
2019-05-14,1764,348159472.196253,10580962.4787188,8.55673625,15.7321611565128,0.000125783465881277,1.00067761830434,,0.0837094770774044,347923712.72,2504,2596,40660796.660622,40688349.1607083,24176.1245830859,24192.5067676314,249.962449,250.13182813084,62761219.417691,62803747.5687711,0.0012105315671738,0.00167275695219735,0.00126614743498713
2019-05-15,3624,352014037.357442,4349691.44318662,9.03105683,15.8654740365369,0.000121640449304737,0.999301450954151,,-0.1030800788652,352260108.32,5058,5149,39005413.741902,38978166.5473497,11749.3916265867,11741.1841002767,307.5,307.285196168401,60497617.485295,60455356.9323245,0.00121477468348427,0.00169124466222901,0.00127879055874794
2019-05-16,3927,357012167.502822,5101970.33005536,4.2996301,15.5111666725825,0.000127262858949026,1.00054970937546,,0.0593756962030601,356816022.39,5743,6068,82987609.255257,83033228.3221116,18185.5199793873,18195.5167302176,500,500.27485468773,110349735.234922,110410395.51896,0.00121819435831104,0.0017076491817453,0.00128425696109882
2019-05-17,3271,358811080.405561,3025854.59450858,5.4329504,15.2671349524388,0.000136371909915098,0.99918616718467,,-0.0804129821348999,359103330.48,5142,5273,66097295.964812,66043503.8163513,19734.1333928784,19718.0731075412,505.547651,505.136219731903,104058085.380648,103973399.496065,0.00120173160209746,0.00172687511722852,0.00129234757819216
2019-05-18,2387,359083221.39018,0,13.94877303,15.1362399601165,0.000137444734100953,1.00032106544337,,0.0365141979809328,358967969.18,3171,3254,25734734.400459,25742996.9343693,13325.7966811497,13330.0751339694,273.838781,273.926701169634,43362142.400461,43376064.4859363,0.00118026372317128,0.00173506272460035,0.00130032216898615
2019-05-19,2490,358865909.522457,0,9.95050283,14.9628690857222,0.000121629391064864,0.999762309888569,,-0.0908225385553642,358951228.68,3647,3710,36073677.364742,36065103.0083494,14001.2657571933,13997.9377947753,348.59,348.507143604056,51944695.959187,51932349.2186162,0.00118099862039059,0.00171735764154978,0.0013023735258318
2019-05-20,2690,359017976.438304,153937.613224091,11.27947841,14.8494289793868,0.000125286524964713,0.999929218048883,,0.067939489544068,359043390.23,3680,3747,31831559.671502,31829306.5716014,12168.3193266346,12167.4580292509,262.961792,262.943179051293,45594692.5169,45591465.2356031,0.001179593895375,0.00170816485385265,0.00129622002811442
2019-05-21,2751,358841790.128133,367677.917154813,10.47606435,14.8606862766793,0.00012521184545994,0.999667393251672,,-0.0539633198882695,358961183.04,3890,3989,34264889.097772,34253492.3644274,11626.5336501933,11622.6665866416,292.98,292.882552874875,46378242.730621,46362817.0141132,0.00117557129890808,0.00170833248228252,0.00129660194150618
2019-05-22,2687,359996789.541238,1418787.81390825,8.84996882,15.3307530136382,0.000130320477405091,0.999284664302126,,-0.069476324846492,360254492.44,3607,3756,40706865.725736,40677746.6515338,16833.5434127718,16821.501778247,343.211435,342.965923608626,63226789.058371,63181560.6790956,0.00114321639332875,0.00170891191096396,0.00129137477882914
2019-05-23,2787,360293644.36346,506445.46934561,14.55000639,15.2901775120985,0.000126645487547158,1.00017910237879,,-0.00525417076645472,360229126.47,3807,3967,24758004.68852,24762438.9060538,10041.4570548238,10043.2555036688,326.909963,326.968513352023,39834460.136486,39841594.5830543,0.0011169020661846,0.00171755304980839,0.0012961774757736
2019-05-24,2736,360417414.781678,835925.278859299,11.34080339,15.0933426407157,0.000125220693857799,1.00015024994541,,-0.0126329859007722,360363270.22,3852,4003,31775814.983275,31780589.2977416,11991.144224,11992.9458927651,377.65882,377.715563217089,48000550.328672,48007762.4087385,0.00111421575335217,0.00159678164616979,0.00129568648871779
2019-05-25,1996,362176134.099388,1847982.88307392,22.19176295,15.0997096225383,0.000124037120477967,0.999936628469198,,-0.36207885980367,362199087.21,2760,2914,16321330.036846,16320295.7291768,7905.39109989499,7904.8901231594,220.84303,220.829034839122,23036309.665094,23034849.8188865,0.00111098444970754,0.0015596386301624,0.00129464466648683
2019-05-26,2412,362949382.303368,555399.758612222,20.00952961,15.126836060503,0.000114610065419862,1.00072064640784,,-0.0938469201612312,362688012.49,3423,3579,18125764.050617,18138826.3173694,7936.74551664962,7942.46510379614,250,250.18016160196,28405612.204089,28426082.6064864,0.0011124627679334,0.0015625281469294,0.00129750367244442
2019-05-27,3199,361713982.806007,0,8.09161672,14.9094206860468,0.000113367011150224,0.999532757075535,,-0.144612681388716,361883070.11,4508,4594,44723209.530509,44702312.9272965,13972.7622253633,13966.2335510783,250,249.883189268884,64190869.663319,64160876.9336536,0.00111158183870736,0.0015741589042604,0.00130657105276387
2019-05-28,2620,361020821.707854,680914.200166704,11.56145146,14.7763157491752,0.000114632934712345,0.999498984120824,,-0.087465591526477,361201789.54,3633,3709,31241906.859856,31226254.1684235,13135.4110907733,13128.8300412373,239,238.880257204877,48719239.735678,48694830.622949,0.00110976993827345,0.00157133265963866,0.00130604734183684
2019-05-29,2845,359237652.252584,329618.691239553,10.13747073,14.5576434846657,0.000115536395244946,1.0000239410831,,-0.0811012263178245,359229051.92,3877,3995,35435767.118056,35436615.4887013,13139.5292977837,13139.8438723465,261.650213,261.656477189493,52492419.544646,52493676.2700244,0.00110923390596289,0.00157313792887035,0.00130760148207653
2019-05-30,3473,340424467.0331,1667931.88008611,2.14409295,12.9498081866167,0.000120924112387099,1.00023854389911,,-0.0180864899387603,340343280.22,5267,5400,158735319.660334,158773185.002412,45251.8397236898,45262.6342739794,480.700827,480.815495249578,244359934.507925,244418225.079489,0.00110825935966192,0.00156963800165394,0.00130783406574854
2019-05-31,2950,333620297.238695,4400746.65881575,6.85983263,12.4589180147257,0.000116708671704991,0.998585326089952,,-0.24146681417233,334092929.79,4099,4220,48702781.523451,48633882.969083,20382.9399719491,20354.1047585607,381.006631,380.467630859569,86016006.681625,85894322.081126,0.00111432169083551,0.00158984189547698,0.00132385855514472
2019-06-01,2241,334288536.635667,589811.494331697,25.76460808,12.4287193826616,0.000116856012039223,0.999680668304684,,-0.0375500631732039,334395319.66,3023,3117,12978863.042517,12974718.4801784,7186.57455839,7184.27965735275448726849876,239.960236,239.88360909103,22400552.898496,22393399.6919629,0.00111603055843636,0.00160366769951733,0.00132623629555773
2019-06-02,1895,334241419.642665,0,41.69716698,12.4705490242742,0.000114313490011666,0.999597594541316,,-0.0631411495911527,334375974.36,2442,2477,8019153.303905,8015926.35284149,4936.06603821,4934.07973829179959027968436,161.031259,160.96645914236,12226635.576648,12221715.5117506,0.00111555240465826,0.00160335625620465,0.00129477745950699
2019-06-03,2604,335144144.380212,904040.818947086,11.77340612,12.418314824548,0.000122410210202157,1.00050766714733,,0.0123735161651132,334974089.04,3592,3750,28451756.930744,28466200.9530216,10037.88316636,10042.9790698722978090198188,302.0304365,302.183767430105,37642061.873868,37661171.5120391,0.00111749033098204,0.00161140368234719,0.00129579794828026
2019-06-04,3040,336004826.6116448482222823,1105817.77973106142241,9.08253988,12.3055452014699,0.000130784196801689,1.00048746038879,,0.0446531268815368,335841117.37,4554,4839,36976564.01038,36994588.6206486181563956402,11249.32838189,11254.8119838766624809950131,433.74,433.9514310690337746,54435500.039942,54462035.18995544818784905018,0.00110960441889486,0.00161129324024031,0.00129363264008483
2019-06-05,2795,338106185.63849910006022558,2653585.4312195107565332,12.7295318,12.3720457522209,0.000128210324452695,0.999854117265382,,-0.0305868442026731,338155516.69,3850,4062,26564646.840943,26560771.51761768182027413523,10345.63695899,10344.12770917905748928068418,250,249.9635293163455,42023977.327403,42017846.75467095361925186295,0.00110554565436506,0.00158622039538902,0.00129622069315283
2019-06-06,2325,338354551.68331894438730325,1079367.3791685913432744,10.33259814,12.3074857349162,0.000128390657859809,0.998457348032485,,-0.328766747783931,338877321.45,3087,3255,32796912.90654,32746318.6843163079716889519,14702.21449288,14679.5340927657311200412068,280,279.5680574490958,47855708.174314,47781883.47194207083931459029,0.00110966965246358,0.00160529489252491,0.00130836400065351
2019-06-07,2417,338876188.25537628662547276,314635.0799108129778432,14.26196765,12.3013856628908,0.000124603455256555,0.999811499381028,,-0.193420489062643,338940078.67,3111,3214,23765309.741897,23760829.96630059111393853012,11753.15433649,11750.93885962269818903411172,236.9458855,236.901221053920381360294,37774638.03748,37767517.49482849176466492944,0.00111206333835666,0.00161158518709247,0.00132061057180633
2019-06-08,1597,338876193.96523608226785864,0,42.18618564,12.2808883959605,0.000125936741578687,0.999913189975272,,-0.29771339982091,338905614.37,1926,2013,8033568.554726,8032871.160441110152718735472,6854.82281948,6854.22775214153488251989856,246.410853,246.389462067757822427016,13798758.335612,13797560.46505966982615698646,0.00111189957277372,0.00161166844638183,0.00132063932069972
2019-06-09,1786,338924579.0191525580699799,0,40.07860181,12.320328278044,0.000131002706953717,1.00008327840837,,-0.252676609379465,338896356.27,2407,2530,8455792.891458,8456497.07643150698240870346,5339.27088749,5339.7155334713664445442913,290.5989715,290.623172119820478991455,13508355.345352,13509480.29968485729623739624,0.00110946085471205,0.00127557596489563,0.00131969208910735
2019-06-10,2505,341094906.82451958742662825,2989745.339071540412901,4.50351152,12.0750917928409,0.000125053101297893,0.999587272060995,,-0.80404694679109,341235744.35,3512,3705,75771038.442011,75739765.61747856017376246094,29046.33731314,29034.3490782051036984949743,277.05317,276.93882241615109810415,107616679.745166,107572263.3347322165082084002,0.00110390363106731,0.000907138609191092,0.00131578966345523
2019-06-11,2540,340896397.6905370594252208,217695.0015737879525144,13.15250452,11.9713114308202,0.000126234010254418,1.00008687942616,,-0.262970374296887,340866783.38,3253,3448,25916492.392532,25918744.00251914318562943712,11506.35140619,11507.3510713973650962719304,168,168.01459574359488,39673899.648543,39677346.49417799484152008488,0.00110451571245247,0.00084188145104896,0.0013054874838825
2019-06-12,2473,341716754.29141239173028672,1406696.53925332829791296,7.17399422,11.8187212060013,0.000122702036942383,0.999623571019296,,-0.115489162074976,341845434.82,3357,3638,47650642.602447,47632705.51962227027789381731,18304.04503792,18297.15486490361566537170432,297.9063325,297.79419192291175809192,66590115.847946,66565049.39851239641056796602,0.00110495637527834,0.00084574575127931,0.00130422925564854
2019-06-13,2548,344386840.75493482834028532,3889560.0817369050846168,4.98996463,11.6447957920829,0.000121416854240739,0.999597926454708,,-0.10789607260943,344525365.29,3529,3683,69043648.753247,69015888.12861288640301343688,25845.03389655,25834.6422921430222283324574,373.752932,373.602655833567480203856,95187259.84101,95148987.56197909429304597508,0.00110292382360162,0.00080556215789894,0.00130257806061725
2019-06-14,2790,349681964.394602610939804,5292812.841058563947604,13.84151884,11.7398528125693,0.000115012981948717,1.0003834707798,,0.108277619792897,349547922.98,3793,4024,25253581.421348,25263265.4319083871099271704,9764.52282765,9768.26723683309384650147,348.870655,349.004436702122186769,39292439.858474,39307507.3610267736264180252,0.00109403010140034,0.000784466223618012,0.00130575980042963
2019-06-15,2092,350109780.1950839578632936,500194.915870906818018,17.92577864,11.7416428425681,0.000113030952486861,1.00039003181982,,-0.015958982761559,349973279.48,2692,2897,19523463.194198,19531077.96607682183600540436,9170.61499314,9174.1918247946429710160348,297.120921,297.23680761352422445422,26567271.635135,26577633.7164385039711013757,0.00109274282133324,0.00073974180981427,0.00130575488046935
2019-06-16,2488,349240259.42428005994885613,0,8.94181203,11.5915335677814,0.000110796629612173,0.999332085074383,,0.0146036739203573,349473678.11,3378,3664,39083093.792452,39056989.61076873218798395712,14159.98521877,14150.52755329586741597776891,400,399.7328340297532,51882185.841556,51847532.95525878975371245995,0.00109446209727052,0.000736043813365505,0.00131309220227302
2019-06-17,2863,347755771.1117506586750108,65242.526690114301322,8.81397935,11.4083753866085,0.0001070368158116,0.99978510494524,,-0.0535788474965827,347830518.17,3919,4194,39463504.989681,39455024.47761522096827006844,14389.4353732,14386.343154697510704963568,458.5,458.40147061739254,60349291.95521,60336323.1908105579195827004,0.00109464446266617,0.000734269344487485,0.00131103905225717
2019-06-18,2696,347279876.0730317315682276,212413.124309034741456,11.40714798,11.295689551539,0.000110485404493352,0.99957612077858,,-0.0186233375820761,347427143.22,3567,3831,30456968.195445,30444058.1194795010710095681,12216.50047459,12211.3221538803537303062822,293.243635,293.1193351163098293383,46801413.31816,46781575.1715213427204530128,0.00109418870076146,0.000734550229223566,0.00129806282350236
2019-06-19,2420,346395886.41660834549776181,664660.02076673536389051,6.88792793,11.1526999288132,0.000107621132558153,0.999268207777263,,-0.0661057062528707,346649561.87,3057,3147,50327118.057499,50290289.06391175539701884524,21034.84149704,21019.44836362596061379380152,266.083871,265.889152892606444825073,66196646.191187,66148204.00033301650020958118,0.00109410500113286,0.000735161158347764,0.00129251084341051
2019-06-20,2610,347060359.85368628699449618,4716037.06188234848298928,7.22362774,11.0376324008386,0.000104630370971827,0.998876831957134,,-0.0790824328046278,347450605.27,3235,3318,48099184.779083,48045161.31185122725031582812,23120.65729069,23094.68890729104019865728246,269.1513225,268.849020335872879409715,76714340.890503,76628177.7943852585898836984,0.0010898193016183,0.000735320949380646,0.0012931505263146
2019-06-21,4216,344530710.1932092825062608,1901102.139998224509096,4.39482251,10.8304836770905,0.0000993323669174287,1.00161656231696,,0.233356729882615,343974653.73,5547,5751,78268155.951531,78394681.30306019356681926576,19498.7262126,19530.247118624009341545696,482.2843,483.063942625441431728,112137174.448673,112318451.1792170945354773941,0.00110620993038562,0.000881883464130248,0.00134174884337174
2019-06-22,3541,343053513.00081553184607427,0,7.16425753,10.6198940869919,0.0000934760870143735,0.998819586954347,,-0.135927197559876,343458936.41,5261,5564,47940618.389672,47884028.65830815905412030418,11572.69285831,11559.03230068671557090957357,386.286613,385.830635242653688256711,64390463.063643,64314455.72102703816519650612,0.00112330004301318,0.00102826063322202,0.0013910483598928
2019-06-23,2153,344782588.69628045445345156,3298555.8186767945792136,8.51911927,10.5722652997841,0.0000925998653333135,0.999562551034644,,-0.058761062230212,344933479.49,2955,3120,40489335.664805,40471623.64681047926232650442,19659.37457127,19650.77459820425188241707788,353.936055,353.78122603893806568942,61337248.662356,61310416.74639086867281466126,0.00111569802535098,0.00103800134697181,0.00132444751264905
2019-06-24,2994,346362807.51531293388860054,3296870.85754262036971402,7.65393303,10.5254291853787,0.0000908123861505909,0.999318287143622,,-0.0618380513295668,346599088.57,3977,3958,45283789.028075,45252918.48690905225531518765,19158.29575066,19145.23529414048307172129052,227.5,227.344910325174005,75828534.581106,75776841.29420175627902960593,0.00111244999106092,0.00102732276463242,0.00130219794001167
2019-06-25,2872,345421952.0259768736415829,5850693.9243692413791663,5.20505956,10.3826405556374,0.000085289497136636,1.00012714542051,,-0.0593073590976987,345378038.79,4022,4302,66354291.432699,66362728.07698585360471925649,24416.41841751,24419.5228532970424176971301,399.967623,400.01847705161672014773,105039432.032128,105052787.3148838564783901453,0.00110836523792562,0.00101507377246597,0.00130400734906811