,close,date,high,low,open,quoteVolume,volume,weightedAverage
0,0.12314143,1560038400,0.12391717000000001,0.1230039,0.12391717000000001,18895.96973966,2337.55118683,0.12370633
1,0.123399,1560045600,0.123399,0.12250000000000001,0.12310936,11573.23028269,1418.27051852,0.12254749999999999
2,0.12333669,1560052800,0.1233745,0.12294984,0.1233267,1529.06045054,188.25703357,0.12311941
3,0.12475331,1560060000,0.12475331,0.12312599,0.12337522000000001,1858.17902965,229.7547234,0.12364509
4,0.12410287,1560067200,0.12460299999999999,0.12371886,0.1246022,47254.18889859,5879.14106992,0.12441523
5,0.1241,1560074400,0.12429159999999999,0.12315569,0.12375611,31579.98203,3914.01626419,0.12393978
6,0.12132969,1560081600,0.12358385000000001,0.12120126,0.12358385000000001,139074.71004127,16972.24200997,0.12203686
7,0.12124583,1560088800,0.12200405,0.12061028,0.12158915000000001,17675.44567579,2145.37919469,0.12137624
8,0.11928147,1560096000,0.12124583,0.11770001000000001,0.12124583,167153.82749839,19842.8353228,0.11871002
9,0.12027821,1560103200,0.12059804,0.11917654,0.11917802,80253.68030595,9618.45160019,0.11985059
10,0.11837136000000001,1560110400,0.11953785,0.11837136000000001,0.11953785,32985.08167219,3917.40611166,0.11876296
11,0.11925078,1560117600,0.11925078,0.11670000000000001,0.11811246,86748.00099357,10210.21391715,0.11769969999999999
12,0.11801479999999999,1560124800,0.11842932,0.11698088000000001,0.11842346000000001,134479.00358888,15847.34446581,0.11784251
13,0.11860784,1560132000,0.1186473,0.11750397,0.1181397,109005.04842546,12901.01133333,0.11835242
14,0.11914156000000001,1560139200,0.11950000000000001,0.11803944000000001,0.11848275,10755.37568191,1272.03726123,0.1182699
15,0.12026509,1560146400,0.121,0.11948969999999999,0.11948969999999999,54048.16117057,6509.13017505,0.12043203000000001
16,0.1193229,1560153600,0.12059973,0.11896912,0.12026509,85809.8057886,10257.52799069,0.11953794000000001
17,0.123,1560160800,0.123,0.11783976,0.11939458,88996.90750179,10821.65183858,0.12159581
18,0.12250000000000001,1560168000,0.12367652,0.12169373,0.12224276,122921.78711208,15082.83519841,0.1227027
19,0.1226,1560175200,0.12325164,0.12203903,0.12207566,294320.46161994,36086.92066957,0.12261098000000001
20,0.12113604,1560182400,0.123,0.12113604,0.12274181,125378.50642421,15366.69517418,0.12256243
21,0.12305882,1560189600,0.12305882,0.12151,0.12208922,14670.43629699,1795.49164991,0.12238842
22,0.12267439000000001,1560196800,0.12321485,0.12179213,0.12255039000000001,76821.28018642,9398.15545875,0.12233791000000001
23,0.12331000000000002,1560204000,0.12336309999999999,0.12203662,0.12316841,7820.68790605,958.47276791,0.12255606000000001
24,0.12249468000000001,1560211200,0.12360893,0.12211051,0.12350000000000001,56998.1611575,7023.87532845,0.12322985
25,0.122,1560218400,0.12250765,0.122,0.12210991,17032.11378188,2080.01138795,0.12212291
26,0.12070176,1560225600,0.122,0.12070176,0.122,93727.46972114,11358.6434822,0.12118798
27,0.12117271,1560232800,0.12152139,0.12105433,0.12148477,21863.53700887,2648.03346415,0.12111642
28,0.12130475,1560240000,0.12190000000000001,0.12130475,0.12176453,24369.37959239,2965.16056043,0.12167566
29,0.11919275,1560247200,0.12105,0.11868214,0.12105,105622.53313229,12586.73770163,0.11916716000000001
30,0.11972000000000001,1560254400,0.11997996,0.11896222000000001,0.11919275,8145.89567461,972.71154308,0.11941124
31,0.11905861000000001,1560261600,0.1199789,0.11896805,0.1197,13213.8528012,1579.05354121,0.11949985
32,0.12083098,1560268800,0.12150000000000001,0.11854088,0.11937469,96697.79320849,11644.10968615,0.12041753000000001
33,0.12260175000000001,1560276000,0.12260175000000001,0.12034879999999999,0.12094669999999999,83352.13219786,10129.5996826,0.12152778
34,0.12255701000000001,1560283200,0.123,0.12177513000000001,0.12255277,61145.66979615,7473.92653616,0.12223149
35,0.12266503000000001,1560290400,0.12292584000000001,0.12208106,0.12240000000000001,21114.38627922,2589.87047666,0.12265904
36,0.12100001,1560297600,0.1218387,0.12090746000000001,0.1216056,3822.58928537,463.2918018,0.12119842
37,0.12250000000000001,1560304800,0.1232394,0.12100001,0.12100001,189978.00222068,23296.44276278,0.12262705
38,0.12207324,1560312000,0.12269999000000001,0.12207324,0.12269999000000001,33984.59581112,4162.41052042,0.12247932
39,0.12250000000000001,1560319200,0.12266068000000001,0.12171874,0.12247436,8801.86363473,1076.68715152,0.1223249
40,0.12367608000000001,1560326400,0.12480246,0.122,0.12225569,98508.83604335,12119.22817152,0.12302681
41,0.12552754,1560333600,0.12552754,0.12286131,0.124,91319.18349344,11408.61077297,0.12493115
42,0.12524752,1560340800,0.1257905,0.12491096,0.12545221,76032.78154392,9528.82014784,0.12532515
43,0.1265,1560348000,0.12750587,0.12450001000000001,0.12515714,326478.58278028,41338.32404329,0.12661879
44,0.12615231,1560355200,0.12731655,0.1254,0.1265,90858.94082121,11477.93389197,0.12632696000000002
45,0.12603808,1560362400,0.12623394,0.125,0.12555093,308224.59297817,38708.07902165,0.125584
46,0.12679658,1560369600,0.12679658,0.12440001,0.12532169,107178.57481264,13419.03228749,0.12520256
47,0.12610000000000002,1560376800,0.12630606,0.12536935,0.12630606,63559.52602362,8007.35081377,0.12598191
48,0.127,1560384000,0.12749964,0.12644643,0.12644643,63574.8039154,8077.9343855,0.12706188000000002
49,0.12581351,1560391200,0.12663394,0.12548467,0.12663394,200409.40872231,25162.30595535,0.12555451
50,0.12580188,1560398400,0.12632646,0.12574795,0.12619571000000002,50055.61727139,6322.43556768,0.12630821
51,0.12508107000000002,1560405600,0.12572126,0.12508016,0.12572126,276948.04899665,34640.96539897,0.12508109
52,0.12598461,1560412800,0.12646518,0.12548009999999998,0.12558139999999998,127958.73718989,16098.58243444,0.12581073
53,0.12610000000000002,1560420000,0.12656494000000001,0.12577666,0.12645047,33784.57324564,4259.10441515,0.12606654
54,0.12712601,1560427200,0.12721455,0.12552479,0.12582884,109235.47063988,13819.37958059,0.12651
55,0.12672265,1560434400,0.12724459999999999,0.12611,0.12626156,82783.57260495,10488.01611528,0.12669199
56,0.12534504,1560441600,0.12675262,0.12534504,0.12672264,93088.5302725,11746.4766733,0.12618607
57,0.1247,1560448800,0.12651166,0.12415061000000001,0.1253747,218087.4865003,27297.14663692,0.12516603
58,0.1252507,1560456000,0.12599061,0.12462485000000001,0.12494618,192022.42421129,24041.48973902,0.12520146000000001
59,0.12427622,1560463200,0.12503756,0.12390011000000001,0.125,422095.94272352,52730.54953395,0.1249255
60,0.12325299999999999,1560470400,0.12466158000000001,0.12325299999999999,0.12456229,72133.35215751,8946.35667104,0.12402524000000001
61,0.12310759,1560477600,0.12380565,0.12271971,0.12325299999999999,31722.10766814,3900.4585565,0.1229571
62,0.1243176,1560484800,0.1243217,0.12327625,0.12352967000000001,5853.02981726,724.06432714,0.1237076
63,0.12341559,1560492000,0.12428129,0.12336128,0.12428129,41408.95583984,5117.7670216,0.12359082
64,0.1231,1560499200,0.12423031,0.1231,0.12387831,15687.75874307,1943.28520281,0.12387271
65,0.12150000000000001,1560506400,0.12351967,0.12150000000000001,0.12342567,144303.34538352,17671.68407817,0.12246205
66,0.12217559,1560513600,0.12255803,0.1208,0.12150000000000001,171866.20336267,20897.48539921,0.12159159
67,0.12114555,1560520800,0.12256199999999999,0.12114555,0.12217559,142580.20983104,17386.6540796,0.12194296
68,0.12147863,1560528000,0.12155357,0.12057088,0.12118127000000001,98189.26526302,11882.0006363,0.12101119
69,0.12122205,1560535200,0.12164639999999999,0.12075407,0.12154649999999999,48073.23590415,5820.70592957,0.12107996
70,0.1232505,1560542400,0.1238842,0.12093539,0.12134298,287198.1038141,35171.52023478,0.12246431
71,0.12486757,1560549600,0.12487001,0.12326363,0.12359954000000001,53339.3604766,6603.00503072,0.12379235000000001
72,0.12602352,1560556800,0.12628844,0.12333306000000001,0.12452907,191191.91499591,24023.77152519,0.12565265
73,0.12533116,1560564000,0.1262791,0.125281,0.12620332,63515.17882853,7977.80949489,0.12560477
74,0.1268,1560571200,0.12688000000000002,0.12543178,0.12543178,73550.02627711,9270.11584471,0.12603823
75,0.12563856,1560578400,0.1269999,0.12478515,0.12688000000000002,140380.78206534,17630.90430816,0.12559343
76,0.12424239999999999,1560585600,0.12555534000000002,0.12405689,0.12536437,30980.73022493,3862.69970707,0.12468071
77,0.12455387,1560592800,0.12455387,0.12373,0.12432461,22414.71924861,2784.72942627,0.12423664000000001
78,0.12404059,1560600000,0.12404059,0.12384853,0.1240221,22708.49415167,2815.66440383,0.12399168
79,0.125,1560607200,0.125,0.12407783,0.12407783,130979.53380599,16326.34626258,0.12464807
80,0.12611058,1560614400,0.12660000000000002,0.12487804,0.12529941,108337.52038375,13609.41812715,0.12562054
81,0.1261358,1560621600,0.1261358,0.12560000000000002,0.12611058,38057.15257399,4797.66057738,0.12606462000000002
82,0.12599478,1560628800,0.1262,0.12559852,0.126,79139.2191366,9955.85114719,0.12580173
83,0.12663758,1560636000,0.12663758,0.1261989,0.1262,34926.96114834,4417.23061625,0.12647051
84,0.12584049,1560643200,0.126875,0.12584049,0.12663758,101385.06546583,12817.66106129,0.12642553
85,0.12718598,1560650400,0.1279,0.12669438,0.126875,308927.04430309,39300.07346435,0.12721473
86,0.12774771000000001,1560657600,0.12859506,0.1268284,0.12735559999999999,240620.26980938,30728.85705139,0.12770685
87,0.12999999,1560664800,0.13,0.12757474,0.12884832000000002,104312.94271289,13442.29069478,0.12886503
88,0.12745132,1560672000,0.1305,0.12736239,0.13,356033.7181462,46003.66054118,0.12921152
89,0.12845299999999998,1560679200,0.12860766,0.12703931000000002,0.12756911,86147.47208598,10989.24981483,0.12756323
90,0.1288,1560686400,0.12899997,0.12738618000000002,0.12826036,36300.73996584,4653.98158009,0.12820624
91,0.12975097,1560693600,0.12975097,0.12755193,0.1288,257048.16748976,33026.37185838,0.1284832
92,0.12916339999999998,1560700800,0.13265000000000002,0.12916339999999998,0.12975097,386682.14159999,50623.23598805,0.13091692
93,0.12910899,1560708000,0.13040000000000002,0.12768195000000002,0.12947173,48705.58018166,6278.35145703,0.12890415
94,0.12891529999999998,1560715200,0.12926425,0.12779634,0.12926425,222874.73501691,28575.71015465,0.12821421
95,0.13002591,1560722400,0.13022774,0.12860622,0.12926425,282513.14970593,36532.77140791,0.12931352000000002
96,0.1305,1560729600,0.1305,0.12945878,0.13009266,177578.5318305,23172.68874073,0.13049262
97,0.12883833,1560736800,0.12990000000000002,0.12867055,0.12990000000000002,465158.18821883,60291.02473463,0.12961402
98,0.12886347,1560744000,0.12948168000000002,0.12829622000000002,0.1293417,53537.16597487,6888.05786704,0.12865936
99,0.1287,1560751200,0.12883793,0.12818407,0.1285,515062.60215872,66036.14151589,0.12820993
100,0.12835145,1560758400,0.12916505,0.12835145,0.1289022,136800.98520771,17634.65569767,0.12890737
101,0.1288576,1560765600,0.12993122000000001,0.12800012,0.12835502000000001,152238.24854407,19674.89608621,0.12923753
102,0.12859479999999998,1560772800,0.12932725,0.12813459,0.12869681,40145.09194839,5160.22092102,0.12853927
103,0.12726287,1560780000,0.12915182,0.12726287,0.12898964000000002,125294.08622476,16080.66462909,0.12834336
104,0.12817233,1560787200,0.12836499,0.12710235,0.12795001,53410.23880498,6808.63865378,0.12747815
105,0.12839719,1560794400,0.12900573,0.12770441,0.1284815,82630.15950266,10616.97246552,0.12848786
106,0.13076148,1560801600,0.13197791,0.12592552,0.12860000000000002,1130915.9471938,145091.76551072,0.12829579
107,0.13020605,1560808800,0.13161848,0.12985455,0.13076149,221538.10129515,29001.8101531,0.13091116
108,0.12977927,1560816000,0.13119763,0.12977862,0.13041524000000002,191166.39388572,24911.75293485,0.13031449
109,0.12872033,1560823200,0.12996704,0.12872033,0.12956783,8801.75477787,1138.52865143,0.12935246
110,0.1273,1560830400,0.12922394,0.12722431,0.12870001,21199.74817936,2722.71928982,0.12843168
111,0.126302,1560837600,0.12752297,0.12502001000000001,0.12723107,326036.94002701,41321.27870974,0.12673802
112,0.12721854,1560844800,0.1272313,0.12603304,0.12603304,58343.33854094,7400.8189322,0.12684942
113,0.12528295,1560852000,0.12718035,0.12528295,0.127,35445.57070092,4480.42281189,0.12640289
114,0.1265267,1560859200,0.1265267,0.12470001,0.1258309,170176.8746968,21341.36057461,0.12540693
115,0.12411169,1560866400,0.12633685,0.12350000000000001,0.12633685,329202.50183976,41104.99529988,0.12486234
116,0.12385102,1560873600,0.125,0.123,0.125,179799.85106829,22261.94011886,0.12381511
117,0.12373881,1560880800,0.1244642,0.12324941,0.12395003,410048.82541318,50635.39936912,0.12348626
118,0.12281000000000002,1560888000,0.12436299999999999,0.12280001,0.12350003,99549.5166443,12327.24145516,0.12383024000000001
119,0.12381249999999999,1560895200,0.12381349999999999,0.1226,0.12286704,95079.65565995,11701.08095292,0.12306608000000001
120,0.12506903,1560902400,0.12506903,0.12331869999999999,0.12381349999999999,110418.02577013,13726.57119129,0.12431458000000001
121,0.12490674,1560909600,0.1249187,0.12435949,0.1247432,44594.857799,5561.67312945,0.12471557
122,0.125,1560916800,0.1252343,0.1247,0.12480581,81058.90463874,10138.57818989,0.12507667
123,0.12533881,1560924000,0.12586789,0.12492483,0.125,32691.31213343,4094.29644308,0.12524111
124,0.12463074,1560931200,0.1263,0.12463074,0.12599999,84024.11590636,10565.10950354,0.12573901
125,0.12465069000000001,1560938400,0.12521037000000002,0.12450037,0.12463099999999999,45334.39674105,5653.24372502,0.12470098
126,0.12409442,1560945600,0.12459997,0.12380001,0.12459997,127141.06643955,15809.65156314,0.12434732
127,0.12350000000000001,1560952800,0.12381238,0.12350000000000001,0.12381238,13610.7722519,1683.13667594,0.12366209
128,0.12350035000000001,1560960000,0.12404346000000001,0.12327777000000001,0.12350000000000001,64872.25366671,8040.2755397,0.12394012
129,0.12411784000000001,1560967200,0.12413025,0.1234261,0.1234261,56305.90535663,6974.34851042,0.12386531
130,0.12380000000000001,1560974400,0.12419233,0.12380000000000001,0.124,122767.02798188,15223.61953006,0.12400413
131,0.12455115,1560981600,0.12475076,0.1236,0.12410001,117797.36119764,14642.64921997,0.12430371
132,0.12414962,1560988800,0.12422421,0.12393456,0.12412396,51597.50248875,6402.18093331,0.12407927
133,0.12383876,1560996000,0.12426765000000001,0.12383711,0.12393456,189525.71896904,23513.53310621,0.12406513
134,0.1233,1561003200,0.12388388,0.1233,0.12388388,61489.77652958,7593.80900261,0.12349709
135,0.12285000000000001,1561010400,0.12350376,0.12285000000000001,0.12341832,235356.32257438,28974.7839506,0.12311028
136,0.12208814,1561017600,0.12285000000000001,0.12199097,0.12285000000000001,84564.08041345,10346.45202981,0.12235043
137,0.1212,1561024800,0.12214886,0.1212,0.12214886,118516.42145304,14408.58581892,0.12157459
138,0.12188003,1561032000,0.12203392,0.12080001,0.12121651,95466.55605498,11578.63792206,0.12128475
139,0.12105519999999999,1561039200,0.12181932000000001,0.1206,0.12166087,234344.59075585,28463.73583555,0.12146103
140,0.12131041000000001,1561046400,0.12156876,0.12030935000000001,0.12101379,104632.23471975,12631.83275269,0.12072601000000001
141,0.12158648,1561053600,0.12224528,0.121512,0.121581,17823.07748369,2170.02617556,0.12175373
142,0.12094902,1561060800,0.12209394,0.12038618000000001,0.12155,128610.87175406,15581.01614251,0.12114851
143,0.1210344,1561068000,0.12160377,0.12067256,0.12094902,32546.65614803,3940.58403413,0.12107492
144,0.12358124000000001,1561075200,0.12403841,0.12136046,0.12149878,152433.01506553,18791.47469782,0.12327693
145,0.1230404,1561082400,0.12391326,0.12168899999999999,0.12391326,393181.22906713,48241.46383787,0.12269523
146,0.12317438,1561089600,0.12358241,0.12290000000000001,0.12306352,278468.17544114,34265.75316749,0.12305087
147,0.12371131,1561096800,0.12442983,0.12311355,0.123675,216585.08493329,26789.90017925,0.12369226
148,0.12405061,1561104000,0.12405061,0.1233063,0.12354955000000001,245612.73569083,30447.86514837,0.12396696
149,0.124,1561111200,0.12489998000000001,0.12387902,0.12399999,174317.80936793,21677.54199016,0.12435643
150,0.12281239000000001,1561118400,0.12431909000000001,0.12223685000000001,0.124,305667.35396343,37739.46436915,0.12346579
151,0.12280003,1561125600,0.1232,0.1227,0.12281239000000001,199613.09162398,24511.33311684,0.12279421
152,0.12329657000000001,1561132800,0.12368724,0.12280003,0.123,101642.91934224,12524.61365393,0.12322169999999999
153,0.1227,1561140000,0.12372706,0.1227,0.12340001,101339.85406054,12467.78583199,0.12302944
154,0.12223233,1561147200,0.12305606000000001,0.12177312,0.1227,84776.68466907,10377.33988582,0.12240794
155,0.12340182000000001,1561154400,0.12340182000000001,0.12220788,0.12223278,91579.67388832,11266.99780089,0.12302945
156,0.1246,1561161600,0.1246909,0.12266042,0.12306301,478674.97469108,59460.21072003,0.12421833
157,0.12480161000000001,1561168800,0.1272,0.12373562,0.1246,635050.33291057,79375.8651377,0.12499145
158,0.12610000000000002,1561176000,0.12690659999999998,0.12441013000000001,0.12480000000000001,68793.03727807,8676.82146823,0.12612935
159,0.12568858,1561183200,0.12669995,0.12512346,0.12634553,253944.58984835,32097.38296347,0.12639522
160,0.12596000000000002,1561190400,0.12649997,0.12536068,0.12577239,606708.28167124,76621.60556111,0.12629068000000002
161,0.12500001,1561197600,0.12639807,0.125,0.12596000000000002,101663.07453666,12734.80327239,0.12526478
162,0.13019521,1561204800,0.1326,0.125,0.12567364,2059797.8471092,264127.82506247,0.12822997
163,0.12900689,1561212000,0.13449997,0.12577925,0.13067302,905830.85470526,117886.77439614,0.13014214
164,0.12998007,1561219200,0.13184137,0.12930025,0.12957219,561054.6690412,73173.26764014,0.13042092
165,0.13,1561226400,0.1313,0.12750001,0.13029244,801929.43219246,103769.50764978,0.12939979000000001
166,0.13016849,1561233600,0.1301685,0.129,0.13,109709.84705384,14226.9326492,0.12967779999999998
167,0.13006535,1561240800,0.13030966,0.1260001,0.13009035,410315.2420753,52523.31304092,0.12800721
168,0.1316,1561248000,0.13202551,0.12950007,0.13006534,798635.74993388,104774.42458881,0.13119175
169,0.131,1561255200,0.13167766,0.1301162,0.1316,307021.43562487,40208.19549686,0.13096217
170,0.13342594,1561262400,0.13342594,0.131,0.13121156,200567.10913195,26519.13696746,0.13222076
171,0.13151268,1561269600,0.13342594,0.1311666,0.13342594,154520.71870895,20345.43994896,0.13166803
172,0.12930065,1561276800,0.13218914,0.1291,0.13148631,296764.35026453,38610.27564746,0.13010415
173,0.12939876,1561284000,0.12994716,0.12842804,0.12930102000000002,152453.26368607,19681.97185436,0.12910167
174,0.12958198,1561291200,0.13143407000000001,0.128436,0.12998618,86006.56186774,11147.68834619,0.12961439
175,0.13024817,1561298400,0.13042096,0.12906092,0.13022824,15166.03030009,1968.91916872,0.12982429
176,0.131,1561305600,0.1315,0.13003903,0.1305,348447.518866,45675.30031304,0.13108229
177,0.13098734,1561312800,0.13190001,0.13036783,0.131,240637.41501649,31604.9080309,0.13133829
178,0.13063105,1561320000,0.13199999,0.13019535000000002,0.13114517,145341.56895672,19053.9343688,0.13109762
179,0.12824989,1561327200,0.13092136000000001,0.1280317,0.13092136000000001,146351.13312514,18850.16290993,0.12880093
180,0.12644769,1561334400,0.12826919,0.1255,0.12824989,614882.21161808,77598.31574547,0.12620029
181,0.12628273,1561341600,0.12712649,0.12608827,0.12623248,180796.11847812,22908.80731974,0.12671072
182,0.12816000000000002,1561348800,0.12816000000000002,0.12570399000000002,0.12637759,57313.91944605,7263.16463584,0.12672601
183,0.12752322,1561356000,0.12832767,0.12698944,0.12819845,47129.65995496,6008.56169791,0.12749002
184,0.12828913,1561363200,0.12828913,0.12710192,0.12752322,212333.53237584,27172.81664439,0.12797232
185,0.12765822,1561370400,0.12867685,0.12710000000000002,0.12819751000000001,58924.71059327,7535.12515759,0.12787716
186,0.12695118,1561377600,0.12767112,0.12695099999999998,0.12767112,187790.75696632,23878.91367295,0.12715702
187,0.12795621000000001,1561384800,0.12804274000000002,0.12721105,0.1275,69568.55636402,8878.0559651,0.12761592
188,0.12774654,1561392000,0.12884384000000002,0.1275,0.1282,125641.64757298,16118.3777029,0.12828849
189,0.1268,1561399200,0.12837408,0.12673,0.1278869,86566.40943776,11055.80117525,0.12771467
190,0.12753752000000002,1561406400,0.12753752000000002,0.12612626,0.12684431000000002,71271.07260485,9035.05984483,0.12677036
191,0.128439,1561413600,0.128439,0.12695925,0.1275758,40470.28574351,5168.41099744,0.12770878
192,0.12875165,1561420800,0.12929446,0.12812833,0.12856552000000002,148753.8263803,19117.10719145,0.12851506000000001
193,0.12737971,1561428000,0.1289295,0.12737971,0.1289295,378721.98057916,48711.28159962,0.12862015000000002
194,0.12739319,1561435200,0.12877397000000002,0.12739319,0.12779133,290663.83062728,37260.2025752,0.12819002000000002
195,0.1275,1561442400,0.12843886000000002,0.1275,0.12797019,229840.13234749,29403.74978212,0.12793131
196,0.1282218,1561449600,0.1282218,0.12665821,0.12713686,29639.5229206,3786.3792475,0.12774764
197,0.12690654,1561456800,0.12814257,0.12665821,0.128,261462.83006154,33355.11854198,0.12757116
198,0.12550873,1561464000,0.12678237,0.12505253,0.12678237,156166.62414566,19628.64509225,0.12569039
199,0.12502632,1561471200,0.12570533,0.12500011,0.12550872,103183.26320891,12920.60748566,0.12521999
200,0.12398488,1561478400,0.12536864,0.12323053,0.12514395,533356.99266173,66239.08313406,0.12419277000000001
201,0.12377013,1561485600,0.12446396,0.12346367,0.12446396,213407.47546625,26451.31063604,0.12394744
202,0.12339008,1561492800,0.12377013,0.12264881,0.12365848,99589.63470473,12266.4217095,0.12316966
203,0.12402,1561500000,0.12500001,0.12234693,0.12293997,622341.85092929,76790.05519344,0.12338886
204,0.12339437,1561507200,0.12499999,0.123,0.12374601,119099.40411977,14746.58600522,0.12381746
205,0.12657056,1561514400,0.12657056,0.12299000000000002,0.12321352,360713.76674815,44813.36175225,0.12423524
206,0.12531,1561521600,0.12657056,0.12300001,0.12657056,743424.5748898,92715.18508543,0.12471364
207,0.12501113,1561528800,0.12704000000000001,0.12452215,0.12549000000000002,217594.12925853,27528.67136128,0.12651385
208,0.12750001,1561536000,0.1287,0.12482752,0.125,333521.58279876,42326.56563547,0.12690802
209,0.12699446,1561543200,0.12833879,0.1268,0.1268461,400829.84579667,50932.64882129,0.127068
210,0.12992325,1561550400,0.13081945,0.12669268,0.12738000000000002,1003782.367603,130320.69116712,0.12982962
211,0.13230509999999998,1561557600,0.13230509999999998,0.1285,0.12921626,400100.2419434,51891.51176302,0.12969627
212,0.13242049,1561564800,0.132791,0.13000001,0.13230509999999998,575066.03809614,75626.41274159,0.13150909
213,0.12766988,1561572000,0.1325,0.12750001,0.13223428,561770.73974526,72956.16489411,0.12986821
214,0.12325798,1561579200,0.12899526,0.121,0.12839433,1320572.0842674,162997.25157101,0.12342927000000001
215,0.12220211,1561586400,0.12378608,0.12005,0.12325798,997309.54048872,121237.7692148,0.12156483
216,0.11999013,1561593600,0.12427428,0.11851,0.12262294,485307.40317257,58438.37624988,0.12041517
217,0.12089019999999999,1561600800,0.12196339,0.11870001000000001,0.11997506000000001,709936.00319893,84684.56586914,0.11928478
218,0.12071549999999999,1561608000,0.12178039,0.11970839,0.12144487,115374.57707822,13913.16003625,0.12059121
219,0.11559328,1561615200,0.12060423,0.114011,0.12060423,619381.14638939,71778.17150131,0.11588691
220,0.11115589999999999,1561622400,0.11558036000000001,0.10722000000000001,0.11513791,1262232.8964229,140085.52365219,0.11098231
221,0.11277069,1561629600,0.11364511000000001,0.1102601,0.11148085,574304.07631872,64492.6666639,0.11229707
222,0.1105,1561636800,0.11300865,0.109,0.11300375,1018755.0443014,112634.31042244,0.11056073
223,0.1136,1561644000,0.11420272000000001,0.11048161000000001,0.11048161000000001,746853.24189887,84631.38132518,0.11331728
224,0.10750433000000001,1561651200,0.11421737,0.105,0.1136,836881.2755673,90593.23250091,0.10825099
225,0.10884914,1561658400,0.11080000000000001,0.10705788000000001,0.1076718,60868.25637938,6612.56941066,0.1086374
226,0.10917869000000001,1561665600,0.10971414,0.10676371,0.10888196,46545.68831591,5010.94322578,0.10765644
227,0.1093238,1561672800,0.1106578,0.10816745,0.10943789999999999,175898.87790062,19274.5123135,0.10957723
228,0.11121526,1561680000,0.1124,0.10905721,0.1091905,366185.9912386,40980.68118479,0.11191219999999999
229,0.11001669,1561687200,0.11120727,0.1090106,0.11117391,35177.3259235,3888.05142264,0.11052719999999999
230,0.11,1561694400,0.11068151,0.10958306,0.11056966,79068.11022448,8728.11080029,0.11038724
231,0.11009858,1561701600,0.11218798,0.11009858,0.1109896,238886.12865338,26697.15864408,0.11175683
232,0.11272882000000001,1561708800,0.11320000000000001,0.11083261,0.111,93024.00113551,10444.4426833,0.11227685
233,0.11230826000000001,1561716000,0.113,0.11121775,0.11299187000000001,306558.50441789,34497.07195541,0.11253014
234,0.1111,1561723200,0.1120336,0.10935109999999999,0.1120336,87017.8693668,9637.33647964,0.11075123
235,0.11177137000000001,1561730400,0.11241162,0.10983352,0.1111,83147.33600891,9257.45837737,0.11133799999999999
236,0.11053151,1561737600,0.11209289,0.10986649999999999,0.11109821,282719.24418925,31495.65320241,0.11140257
237,0.11010961,1561744800,0.11212854,0.11003,0.11049841,130297.18425851,14479.65745774,0.11112793
238,0.11147441,1561752000,0.112,0.11051245,0.11170828000000001,238049.08571628,26539.40354481,0.11148709999999999
239,0.1115439,1561759200,0.1115439,0.110039,0.11067001,150843.00413998,16741.69341411,0.11098753
240,0.11051000000000001,1561766400,0.11216632,0.11051000000000001,0.1115439,580382.61560968,64531.492966,0.11118784
241,0.10768426,1561773600,0.11051000000000001,0.10737208000000001,0.11051000000000001,103931.98405215,11345.16192993,0.10915948
242,0.1078223,1561780800,0.10825509999999999,0.107,0.10768831,17939.23086236,1920.71328431,0.10706776
243,0.10890000000000001,1561788000,0.10899994,0.10667125000000001,0.10782069999999999,170982.82304348,18455.84194634,0.10793974
244,0.10793667,1561795200,0.10866723,0.10761102,0.10864951,16059.30952612,1734.03308307,0.10797681
245,0.11103221,1561802400,0.11103221,0.10764347,0.10793667,52591.81956379,5764.52149635,0.10960869999999999
246,0.11095335,1561809600,0.11110999,0.10979787,0.11110999,20615.35403845,2279.1862535,0.1105577
247,0.11070335,1561816800,0.11070335,0.1093743,0.1093743,186991.80808251,20642.12540756,0.11039053
248,0.11254864,1561824000,0.11254864,0.10944018,0.11077000000000001,334522.40597809,37205.39040069,0.11121942
249,0.114,1561831200,0.114,0.11126484,0.11258706,299337.02005204,33814.84276931,0.11296578
250,0.115,1561838400,0.11807995,0.11347095,0.11389923,446570.2960111,51523.30365824,0.11537557
251,0.1155,1561845600,0.11610159,0.1149,0.115,321265.4330964,37029.86715578,0.11526253
252,0.11364831,1561852800,0.115295,0.1135981,0.11525859000000001,34562.74332638,3941.61157675,0.1140422
253,0.11392187000000001,1561860000,0.11392187000000001,0.11381896,0.11381896,817.0762912,93.02923506,0.11385624
254,0.11329625,1561867200,0.11419068,0.11216901,0.11390104000000001,59611.42052279,6731.92151328,0.11293006
255,0.1102,1561874400,0.11291361,0.1102,0.11239497,78946.24199147,8750.73971871,0.11084428
256,0.11211951,1561881600,0.11269386,0.11084213,0.11084213,26429.30692182,2948.47497205,0.11156081
257,0.11000616,1561888800,0.11147539000000001,0.10936248,0.11096292,174880.34293707,19230.45959263,0.10996352000000001
258,0.10717728,1561896000,0.11097035,0.107,0.11042492,63010.41446277,6814.08629552,0.10814222
259,0.10700968,1561903200,0.1085582,0.106,0.10717728,491449.9424581,52571.13533114,0.10697149
260,0.10865995,1561910400,0.10893614,0.10555,0.10700968,104814.38713102,11159.79999337,0.10647202
261,0.1083992,1561917600,0.108875,0.10752239999999999,0.10825429,58848.17686088,6345.49414058,0.10782821000000001
262,0.1088073,1561924800,0.10932714,0.1087581,0.1087581,48768.2240036,5328.11180272,0.10925375
263,0.10426998,1561932000,0.10880000000000001,0.10426998,0.10880000000000001,107803.75665713,11426.12167829,0.10599001
264,0.108,1561939200,0.108,0.10470959,0.1049625,108816.8856658,11638.30524177,0.10695311
265,0.109,1561946400,0.10998894000000001,0.10732109999999999,0.10822391,188581.82173062,20520.00194638,0.10881219
266,0.10814511,1561953600,0.10957159,0.10814511,0.1085,109517.70793862,11922.63286275,0.10886488
267,0.1083031,1561960800,0.10882533,0.10727033,0.10840000000000001,126700.501227,13711.81894664,0.10822229
268,0.10887609999999999,1561968000,0.10941428,0.10747349,0.10873956,46343.35274316,5044.2838534,0.10884589
269,0.1072,1561975200,0.10937405,0.1072,0.10792081,23811.00992313,2563.80393545,0.10767304
270,0.10409999,1561982400,0.1072,0.10325306000000001,0.1072,398056.35026647,41643.17777275,0.10461628
271,0.10357005,1561989600,0.10537799,0.10167631,0.10400000000000001,429287.52069046,44471.13190296,0.10359288
272,0.10314072,1561996800,0.10357638,0.10237418000000001,0.10357638,95874.45403228,9886.71701591,0.10312149
273,0.1037583,1562004000,0.1037583,0.10240492,0.103249,3612.74208839,371.72884471,0.10289382
274,0.1059237,1562011200,0.10598749,0.10227812,0.10279373,47563.42492504,4968.73947136,0.10446555
275,0.10571844,1562018400,0.10690318,0.10373742,0.10373742,4485.02793788,475.94161009,0.10611786000000001
276,0.10423128,1562025600,0.1063,0.1042,0.106,26479.09311235,2779.90571051,0.10498492
277,0.10531694,1562032800,0.10586665,0.10430006,0.10466783,119206.64549606,12477.86991134,0.10467428000000001
278,0.10163559999999999,1562040000,0.10477802,0.10096074000000001,0.10477802,679316.38005042,68969.01100826,0.10152708
279,0.10152008,1562047200,0.10204525,0.10031932,0.10151282,357561.83143417,36125.11129376,0.10103178
280,0.10272194,1562054400,0.1037,0.10047752,0.10152008,149131.40203806,15335.80526135,0.10283417
281,0.10067067,1562061600,0.10353541000000001,0.10039068,0.10331789999999999,115447.40755958,11662.87272568,0.10102325000000001
282,0.10067697,1562068800,0.1022884,0.10067697,0.10084438,103377.02785038,10521.62106119,0.1017791
283,0.1036884,1562076000,0.1036884,0.10140994,0.10162312,132979.717737,13596.2792518,0.10224325000000001
284,0.10256288000000001,1562083200,0.10474563,0.10239675000000001,0.1036884,94071.61613412,9761.91274868,0.10377107
285,0.10141283,1562090400,0.10401677000000001,0.10141283,0.10281989999999999,103728.85637243,10626.95895885,0.10244939
286,0.1020102,1562097600,0.10247952,0.10169161,0.10199732,53951.31294544,5509.52713209,0.10212035
287,0.10256856,1562104800,0.10286834,0.1019,0.1019,68065.78048593,6975.21298765,0.10247752
288,0.1034,1562112000,0.10389989999999999,0.10280651,0.10348,101489.4330078,10503.53179562,0.10349384
289,0.10353105,1562119200,0.10388000000000001,0.102891,0.10339971,46731.1023359,4837.52741614,0.10351836
290,0.10467326,1562126400,0.10467326,0.10381000000000001,0.10381000000000001,32307.02402521,3369.63530297,0.10430039
291,0.10400000000000001,1562133600,0.10487995,0.10359022,0.10448759,149469.16652729,15610.47275135,0.10443941
292,0.10344762,1562140800,0.10416302000000001,0.10274665000000001,0.10415537,110977.32420698,11514.1465727,0.10375224
293,0.10306333000000001,1562148000,0.10412498,0.10298844,0.10344762,116170.0204373,11985.67328708,0.10317354000000001
294,0.10307581,1562155200,0.1038407,0.10298639,0.10300000000000001,30333.1609777,3139.98291331,0.1035165
295,0.10336211000000001,1562162400,0.10336211000000001,0.10295187,0.10298279,30321.98471882,3127.20044634,0.10313309999999999
296,0.10300000000000001,1562169600,0.10348507,0.10240001,0.10336212,149377.47233526,15355.1104718,0.10279401
297,0.10361932,1562176800,0.10363691,0.10240001,0.10300000000000001,29954.99550663,3085.82467986,0.10301536
298,0.10358469000000001,1562184000,0.10358469000000001,0.10332797,0.10332797,7980.0,826.33600329,0.10355087
299,0.10561000000000001,1562191200,0.10561000000000001,0.10303135000000001,0.1035846,271914.67097488,28302.88973914,0.10408739
300,0.10549878,1562198400,0.10579000000000001,0.10496247,0.10561000000000001,154203.48068704,16274.47638158,0.10553896
301,0.10401039999999999,1562205600,0.10550459999999999,0.10401039999999999,0.1053476,565835.96215768,59404.56217477,0.10498548
302,0.10315243,1562212800,0.10420036,0.10293609000000001,0.10400000000000001,20325.52252273,2115.56965771,0.10408439
303,0.10314749999999999,1562220000,0.10386563,0.10257757,0.10315243,49627.64688771,5132.69572696,0.10342412000000001
304,0.10287793,1562227200,0.10340563,0.10220105,0.10313814,87509.58685211,8993.48669201,0.10277144
305,0.10243141,1562234400,0.10289051,0.10169757,0.10289051,36150.96014805,3700.04838983,0.10234993
306,0.10340679,1562241600,0.10378065,0.10221741000000001,0.10243567,68100.96887746,7036.83150714,0.10332938
307,0.10332834,1562248800,0.10364017,0.10235107,0.10340672000000001,119261.55072578,12275.23831328,0.10292703
308,0.10271166,1562256000,0.10336445,0.1019112,0.10285635,146765.57556807,15041.78423895,0.1024885
309,0.10226017,1562263200,0.10271161000000001,0.10191111,0.10271161000000001,50045.13715336,5122.84908096,0.10236457
310,0.10149439,1562270400,0.10228892,0.10126172,0.10228892,31965.47505369,3256.77886111,0.10188426
311,0.0994331,1562277600,0.10202306,0.09896405,0.10162579000000001,497030.97050751,50025.89682436,0.10064945
312,0.09974914,1562284800,0.10019016,0.09856519999999999,0.09914557,112917.26074507,11213.1458014,0.09930408
313,0.10025,1562292000,0.1003,0.09993904,0.09993904,17191.42441752,1723.46633265,0.10025151
314,0.10171169000000001,1562299200,0.10174698,0.09993904,0.10003272,114124.8168679,11506.04492182,0.10081983
315,0.09971364,1562306400,0.10085596000000001,0.09933179,0.10085596000000001,99205.18259546,9941.62720906,0.10021278
316,0.10063832,1562313600,0.10081059,0.09925459,0.10046601000000001,66042.74115378,6613.32596308,0.10013706
317,0.10094368000000001,1562320800,0.10131834,0.10010444,0.10087149000000001,131473.52039457,13221.1970717,0.10056167
318,0.10045441000000001,1562328000,0.10086379999999999,0.0994172,0.10078183,89042.54484661,8917.98400602,0.10015419
319,0.10071533,1562335200,0.101,0.10045674,0.10045674,14206.5257216,1429.80405344,0.10064417
320,0.10063354000000001,1562342400,0.10102409999999999,0.10060279,0.10102409999999999,45863.97870527,4622.48057827,0.10078673
321,0.10090209,1562349600,0.10119188,0.10030139,0.10073318,39853.58562144,4018.31962582,0.10082705
322,0.10042272000000001,1562356800,0.10080898,0.09959513,0.10070000000000001,42774.25693705,4289.99171978,0.10029377
323,0.09966883,1562364000,0.10041841,0.09966883,0.10041841,24259.39110407,2435.26780477,0.10038453
324,0.10114974,1562371200,0.10139813,0.10051251,0.10094894,6731.19205301,679.23892395,0.10090915
325,0.10199999,1562378400,0.10199999,0.10088787,0.10116856,76668.57164049,7745.63486123,0.10102749999999999
326,0.10176897,1562385600,0.10199999,0.10072012,0.10199999,262339.97791691,26670.44862789,0.10166368
327,0.10158216,1562392800,0.10225902,0.10146000000000001,0.10200000000000001,13950.98573359,1418.18175211,0.10165459
328,0.10170471,1562400000,0.10170471,0.10139756,0.10154628,3419.9923779,347.49575576,0.10160717
329,0.10099911,1562407200,0.10152744,0.10083871,0.10106663,48203.395526,4864.98182003,0.10092612000000001
330,0.10126807,1562414400,0.10154142000000001,0.10064638000000001,0.101,18244.29986864,1842.20806706,0.10097444
331,0.10309762,1562421600,0.10565423,0.10172466000000001,0.10172466000000001,386670.3416804,39945.25573225,0.10330571000000001
332,0.10411961,1562428800,0.1049128,0.10411961,0.10462959000000001,40245.58372537,4207.91341284,0.1045559
333,0.10458421,1562436000,0.10458421,0.10427069,0.1043,2474.09584579,258.00738775,0.1042835
334,0.10467037,1562443200,0.104832,0.10418514,0.10464275,3143.23746484,327.86343872,0.10430756000000001
335,0.10300000000000001,1562450400,0.10371003000000001,0.1029691,0.10371003000000001,15996.79504049,1651.5457902,0.10324229
336,0.10319221,1562457600,0.10356533,0.1029,0.1029,1074.70930675,110.82220164,0.1031183
337,0.10261711,1562464800,0.10334939,0.10258379999999999,0.10286155,1714.24385043,176.03501495,0.10268959
338,0.10301475,1562472000,0.10367004,0.10301475,0.10367004,18356.81680107,1893.703123,0.10316075
339,0.10327899,1562479200,0.10353213,0.10312149999999999,0.10312149999999999,7504.59451334,774.02519455,0.10314017
340,0.10254175,1562486400,0.10259124,0.10240191,0.10257757,21435.47775941,2198.59166449,0.10256788
341,0.10330019,1562493600,0.10389325,0.10291316,0.10291316,5932.88543447,613.40424182,0.10339054
342,0.10456922,1562500800,0.10489999,0.10399000000000001,0.10399000000000001,88670.99432831,9297.63133254,0.10485538
343,0.10350000000000001,1562508000,0.10489965,0.10350000000000001,0.10446296000000001,13309.85187666,1392.10003013,0.10459169
344,0.10496604,1562515200,0.1054287,0.10275451000000001,0.10314825,32340.28353519,3403.41225519,0.10523755
345,0.10509,1562522400,0.1057897,0.10471516,0.10512519000000001,44720.82932147,4711.29094697,0.10534891
346,0.10555143,1562529600,0.10562682,0.10490434,0.10545007,67331.01027159,7072.77336589,0.10504481
347,0.10574566,1562536800,0.10574566,0.10459969999999999,0.10516533,25207.66986921,2646.18875734,0.10497554
348,0.10521036,1562544000,0.10574339,0.10459958,0.10574329,60951.85927067,6411.68217432,0.10519256
349,0.10450815000000001,1562551200,0.10487212,0.10443049,0.10458911,10728.69705252,1122.83451933,0.10465711
350,0.10500759,1562558400,0.10500759,0.1047,0.1047,3170.19464039,331.97172901,0.10471651
351,0.10460135,1562565600,0.10460135,0.10389282,0.1041,45427.20775087,4726.32365013,0.10404169
352,0.1053,1562572800,0.1053,0.10438717,0.10442796,46138.70923401,4834.50740114,0.10478202
353,0.1044,1562580000,0.10530001,0.10409455000000001,0.1053,31365.6708894,3285.98549323,0.10476375
354,0.10453159999999999,1562587200,0.10453159999999999,0.1036009,0.1041,23503.42381913,2451.53050516,0.10430525
355,0.10465897,1562594400,0.10479901,0.1040373,0.10479901,107044.85686435,11178.93875372,0.10443228
356,0.10465891000000001,1562601600,0.10465891000000001,0.1040152,0.10450189,44180.74733593,4609.81741581,0.10433996
357,0.1043412,1562608800,0.10452929,0.1036009,0.10410017,52364.16214685,5450.50024813,0.10408836
358,0.10396169,1562616000,0.10418473,0.10359329,0.10418473,71152.46664272,7386.50176616,0.1038123
359,0.10415893,1562623200,0.10439459999999999,0.10351785000000001,0.10396169,97157.62459057,10117.89377364,0.10413895000000001
360,0.10423779,1562630400,0.10427755,0.10377754,0.10427755,133343.05843517,13890.07495516,0.10416796
361,0.10400000000000001,1562637600,0.10458453000000001,0.10330009999999999,0.10431943,63385.07607083,6599.80590977,0.10412239000000001
362,0.10375028,1562644800,0.10421716,0.10368773,0.10421716,2630.25273976,273.58324833,0.10401405
363,0.10286987,1562652000,0.10403713,0.10140001,0.10381266,189295.84657169,19481.6317001,0.10291631
364,0.10300000000000001,1562659200,0.10326136,0.10255165000000001,0.10271739,570283.11621654,58833.11575625,0.10316475
365,0.10102409,1562666400,0.10258892,0.10055545,0.10258892,426259.75444297,43172.60470669,0.10128238
366,0.10049899999999999,1562673600,0.10180307,0.10049899999999999,0.10111194,128775.81657012,13047.73552999,0.10132131
367,0.10090601,1562680800,0.10135816,0.10000014,0.10132605,353278.55675303,35683.48601803,0.10100665
368,0.1013887,1562688000,0.1013887,0.10090601,0.10111488,11370.28924614,1150.81596658,0.10121254
369,0.10134769,1562695200,0.10156069000000001,0.10070776000000001,0.1013887,69223.99416017,7001.64041498,0.10114469999999999
370,0.1016662,1562702400,0.1016662,0.10060456,0.10134769,465166.66046974,46826.03264874,0.10066506
371,0.10120141,1562709600,0.10140014,0.10097422,0.10134778,110124.75452816,11152.21238588,0.10126889
372,0.10095676,1562716800,0.10175129999999999,0.10095676,0.10123184,42086.92663193,4265.1221672,0.10134078
373,0.10067074000000001,1562724000,0.10126718,0.10000014,0.10094002,83566.51040736,8396.68942969,0.10047912
374,0.09960001,1562731200,0.10052928,0.09944655000000001,0.10046225,96412.11532666,9637.15015246,0.09995787
375,0.0989,1562738400,0.09970653,0.0989,0.09960000000000001,87971.10853429,8721.24339781,0.09913758
376,0.09914023,1562745600,0.09935842,0.09855914,0.09893832,142992.00783898,14124.3611064,0.09877727
377,0.09879141,1562752800,0.09920000000000001,0.0985,0.09901328,18565.04488541,1836.44630196,0.09891957
378,0.09836349999999999,1562760000,0.09896,0.09797778,0.09895813,229368.08320411,22597.64012776,0.09852129
379,0.09288365,1562767200,0.09851748,0.09250366,0.09839447,666763.464636,63524.9003019,0.09527351
380,0.09405663,1562774400,0.09442346,0.09213292000000001,0.09288365,112046.20859825,10458.38438023,0.09333992
381,0.0945877,1562781600,0.0945877,0.093,0.09412029999999999,247474.14380151,23288.65565533,0.09410539999999999
382,0.09390000000000001,1562788800,0.0946765,0.09324282,0.09467439999999999,234661.35292246,22026.44985971,0.09386483
383,0.09505148000000001,1562796000,0.096,0.09390000000000001,0.09417979,248086.66550127,23440.61087449,0.09448557
384,0.09452709999999999,1562803200,0.09469849,0.0937,0.09466514000000001,118876.71030667,11207.28712886,0.09427655
385,0.093,1562810400,0.09486009999999999,0.093,0.09452709999999999,68301.74689413,6418.70443821,0.09397569
386,0.0884678,1562817600,0.09306479000000001,0.08731752,0.09306479000000001,718722.39523157,64112.54875132,0.08920349
387,0.08886486,1562824800,0.08913821,0.08813019,0.08844125,131812.21935289,11700.80762352,0.08876876
388,0.08899349000000001,1562832000,0.08899349000000001,0.08760309000000001,0.08876194,56395.96715841,4982.96270848,0.08835672
389,0.0891,1562839200,0.0893249,0.08762616000000001,0.08858675,60534.5591639,5355.45068766,0.08846931
390,0.08883948,1562846400,0.0893238,0.08804548,0.08902257,108889.55129131,9655.10633791,0.08866879999999999
391,0.08745029,1562853600,0.0893778,0.0873,0.089,147212.6404164,13028.70102374,0.08850259
392,0.0892452,1562860800,0.08954984,0.08733963,0.08733963,73865.61937784,6553.52295837,0.08872223
393,0.08871599999999999,1562868000,0.0892452,0.08802,0.0892452,48936.93476805,4338.93689648,0.08866384000000001
394,0.08658544,1562875200,0.08908493,0.08578788,0.08889403,328935.56991613,28533.31557985,0.08674439
395,0.08703559999999999,1562882400,0.0872223,0.0862213,0.08671039,157530.02529941,13674.77508256,0.08680742
396,0.0877501,1562889600,0.0879,0.08611777,0.08682181,145242.61676075,12729.67829434,0.08764423
397,0.08643047,1562896800,0.08786177,0.08643047,0.08786177,103554.69317353,9059.62563282,0.08748638
398,0.08913762,1562904000,0.08913762,0.08707052,0.08727281,78502.3499781,6963.84314376,0.08870872
399,0.09766003000000001,1562911200,0.09999991,0.0889761,0.0889761,526281.27304167,50481.3565229,0.09592086
400,0.09819848,1562918400,0.10122908,0.09649331,0.09784047,979749.73740083,96718.3957563,0.09871745
401,0.09700689,1562925600,0.09777825,0.09605938,0.09777825,124851.77232771,12022.80563236,0.09629663000000001
402,0.09704854,1562932800,0.09758685,0.09616637,0.09671989,150031.54142492,14518.24704335,0.09676796
403,0.09623044,1562940000,0.0989562,0.0952804,0.09730000000000001,247672.86528043,23996.60797156,0.09688832
404,0.09853463,1562947200,0.09901019999999999,0.09619212,0.09619212,278405.35211398,27227.55191407,0.09779823
405,0.09784452,1562954400,0.09818807,0.09784452,0.09813892,36580.58899425,3588.84428296,0.09810788000000001
406,0.09738467,1562961600,0.0981797,0.09698188,0.09725333,51445.32897419,5009.65045707,0.09737814
407,0.0979635,1562968800,0.0979635,0.09703679,0.09706591,49184.48628073,4781.35771296,0.09721272
408,0.09848955,1562976000,0.10020334,0.09799291,0.09799291,158667.68362034,15666.37415766,0.09873701
409,0.09761269,1562983200,0.09825137,0.09761199999999999,0.09825137,13857.23854791,1360.36232558,0.09816979
410,0.09734847,1562990400,0.09798000000000001,0.09671011,0.09761199999999999,96456.79219936,9377.52706885,0.09721997
411,0.09563037,1562997600,0.0975,0.0955607,0.09731074,60990.26819773,5851.58560061,0.09594293
412,0.09592956,1563004800,0.09645949999999999,0.09592956,0.09612699999999999,5579.41316412,537.13377406,0.09627065
413,0.093,1563012000,0.09603919,0.0929721,0.09603919,129029.45001942,12136.28160277,0.09405822
414,0.09479568000000001,1563019200,0.09528531,0.09286605,0.09293302,112823.1881351,10661.27347926,0.09449541
415,0.09580023,1563026400,0.09580229999999999,0.09497666,0.0951414,232421.68631912,22124.87923539,0.09519283
416,0.09584449,1563033600,0.09606659000000001,0.09510944,0.09580029999999999,55798.67742134,5321.57218844,0.09537093
417,0.09413586,1563040800,0.09561415000000001,0.0935,0.09544276,18474.6408327,1759.86252344,0.09525828
418,0.0922,1563048000,0.09413869999999999,0.092,0.09413869999999999,281762.37699889,26061.14365864,0.09249334000000001
419,0.09585769999999999,1563055200,0.09585769999999999,0.0928307,0.0928307,186128.59196079,17593.69270954,0.09452439
420,0.09586099000000001,1563062400,0.09588659000000001,0.09466479,0.0958588,26236.07423983,2492.31669196,0.09499579
421,0.09554109,1563069600,0.09577423,0.09517593,0.09571483,23710.19007239,2263.27632713,0.09545584
422,0.09498547,1563076800,0.09586062000000001,0.0949,0.09516421,8040.56780275,763.81172848,0.09499475
423,0.09538407,1563084000,0.09667672000000001,0.09538407,0.09586099000000001,60102.29981161,5789.07694347,0.09632038
424,0.09061226,1563091200,0.09591468,0.09049793,0.09591468,365769.99058422,33571.84374438,0.09178402000000001
425,0.08775595,1563098400,0.09101613,0.08677004,0.09061226,373601.7923097,33029.05681417,0.08840711
426,0.08758048,1563105600,0.08944974,0.08710928,0.08751893000000001,349481.040745,30622.04853424,0.08762148
427,0.08638889,1563112800,0.08818684,0.08552611,0.08768946,105673.31995228,9166.82312631,0.0867468
428,0.08872000000000001,1563120000,0.08872000000000001,0.08603604000000001,0.08638889,118693.5892472,10415.67280448,0.08775261000000001
429,0.0892293,1563127200,0.0892293,0.08716178000000001,0.08817998,74854.70866872,6595.31671291,0.08810824
430,0.08955281,1563134400,0.08981086,0.088035,0.0892293,143196.8113895,12708.17682109,0.08874622
431,0.08557254,1563141600,0.08898736,0.08515009999999999,0.0884942,205934.96370805,17869.36364738,0.08677187
432,0.08259965,1563148800,0.08570934,0.08209844000000001,0.08570934,285230.90721123,23945.77863755,0.08395225
433,0.08661378,1563156000,0.08661378,0.082,0.08298718000000001,151906.20655691,12579.54103867,0.08281123
434,0.08460582,1563163200,0.0865711,0.08430132,0.08600000000000001,53333.62798857,4556.93701287,0.08544209
435,0.08575519999999999,1563170400,0.08588773,0.08404641,0.08508704,135762.1257743,11602.63611589,0.08546298000000001
436,0.08547085,1563177600,0.08600000000000001,0.08490091,0.085952,93364.79717866,7955.88469015,0.08521289
437,0.08524079999999999,1563184800,0.08547085,0.08524079999999999,0.08547085,80260.01769862,6857.26145288,0.08543807
438,0.08513828,1563192000,0.08524079999999999,0.08299000000000001,0.08524079999999999,180993.46622742,15288.46713201,0.08446971
439,0.0868523,1563199200,0.08702849,0.08529917000000001,0.08529917000000001,54890.80698107,4729.57338607,0.0861633
440,0.08650242,1563206400,0.08763139,0.08601261,0.0868523,51014.38709136,4416.87769993,0.08658102000000001
441,0.08686858,1563213600,0.08758236,0.08529917000000001,0.08541099,182243.26497008,15857.9547761,0.08701531
442,0.08529917000000001,1563220800,0.08729349,0.08529917000000001,0.08729349,46683.77320576,4045.31328036,0.08665352
443,0.08569404,1563228000,0.08655249999999999,0.08522484,0.08531101,119953.57111864,10284.48407383,0.0857372
444,0.08750000000000001,1563235200,0.08782592,0.08528109,0.08528109,171096.27197757,14806.60192085,0.08653959
445,0.08560000000000001,1563242400,0.08767978,0.085,0.08767978,204232.58209076,17449.09457417,0.08543736
446,0.08629,1563249600,0.08629,0.0855,0.0855,204014.45545801,17497.69584393,0.08576694
447,0.08520091,1563256800,0.08708904,0.08519403,0.08708904,5268.30993606,450.81554579,0.08557118
448,0.08573009999999999,1563264000,0.08661838000000001,0.08573009999999999,0.08581111,7955.15684786,685.22049508,0.08613538
449,0.08554921,1563271200,0.08598588,0.08510000000000001,0.08572,204844.93559587,17571.09562558,0.08577754
450,0.08346089999999999,1563278400,0.08538386,0.08310000000000001,0.08538386,51132.92217008,4313.4486669,0.08435756
451,0.08433393,1563285600,0.0845176,0.08326795000000001,0.08337484,23241.41837673,1946.47337886,0.08375019
452,0.07964639,1563292800,0.08444999,0.07880031,0.08438242,338839.73810869,27359.9356596,0.08074594
453,0.0798929,1563300000,0.08103772000000001,0.07731315,0.07974183,880125.61118131,69328.86661824,0.07877155
454,0.07967338,1563307200,0.08063403,0.07861699999999999,0.08038619,131721.68457876,10543.41852576,0.08004314
455,0.07819000000000001,1563314400,0.07972275,0.07819000000000001,0.07972275,108084.71023458,8477.77348045,0.07843638
456,0.07885469,1563321600,0.0798402,0.07819000000000001,0.07819000000000001,36430.93327341,2869.88333417,0.078776
457,0.078,1563328800,0.07875588,0.07706395,0.07875588,74469.10909249,5786.44637352,0.07770263
458,0.07952808,1563336000,0.07952811,0.07782404,0.07800014,16513.08237679,1287.80839241,0.07798715
459,0.07951997,1563343200,0.0800362,0.07924529,0.0794783,292453.47944498,23247.65441984,0.0794918
460,0.07929000000000001,1563350400,0.0800845,0.07924529,0.0800372,11862.62784735,942.82291869,0.07947842000000001
461,0.07641952,1563357600,0.07902689,0.076,0.07902689,334348.12840657,25569.87342599,0.07647679
462,0.07832315000000001,1563364800,0.0787886,0.07555557,0.07655429999999999,306474.97772662,23331.32467066,0.07612799
463,0.08134164,1563372000,0.08253867000000001,0.0787476,0.0787476,132509.75539959,10713.66987756,0.08085193
464,0.08302928,1563379200,0.08355000000000001,0.081884,0.081884,344306.17371637,28429.42321591,0.08257018
465,0.08214838000000001,1563386400,0.08359029,0.08214838000000001,0.08292989,52803.81116281,4378.21664502,0.08291478000000001
466,0.083,1563393600,0.08351206,0.08033111,0.08176225000000001,93593.52762821,7626.44845436,0.08148478
467,0.08046828,1563400800,0.082038,0.08,0.08193495,267196.35348376,21755.74770756,0.08142232
468,0.08003009999999999,1563408000,0.08003009999999999,0.07963106,0.07982418000000001,71679.96564161,5721.03669069,0.0798136
469,0.08074733,1563415200,0.08074733,0.08005416,0.08057165000000001,11672.52056734,940.09765459,0.08053938000000001
470,0.08257216,1563422400,0.08271341,0.08058638,0.08058638,15515.7963308,1269.51378723,0.08182073000000001
471,0.0820931,1563429600,0.083,0.08202509,0.08257216,25463.32654497,2103.12892245,0.08259442
472,0.09046429,1563436800,0.09046429,0.08012308,0.08201951,128030.54767976,10833.12242813,0.08461357
473,0.08820452000000001,1563444000,0.093,0.08807064,0.0899189,245981.74032263,21937.63726286,0.089184
474,0.08400075,1563451200,0.087158,0.08365299999999999,0.08700542,221506.60464797,18780.36944917,0.08478469
475,0.08792147,1563458400,0.08869295,0.08432849,0.08456799,192718.05417159,16917.92841832,0.0877859
476,0.08801478,1563465600,0.089,0.08716181,0.08852999,528971.61046302,46545.19713337,0.08799186
477,0.08705949,1563472800,0.08806695,0.08705949,0.08801478,91110.4731626,7998.60963137,0.08779023
478,0.08811326,1563480000,0.08857623,0.08764992,0.08795589999999999,139997.67661814,12326.8715059,0.08805054
479,0.08854936000000001,1563487200,0.0897559,0.08757471,0.08757471,87832.83418904,7826.82201499,0.08911043
480,0.08948359,1563494400,0.089991,0.08735988,0.08749173,220087.54241342,19353.84823652,0.08793704000000001
481,0.08955902,1563501600,0.08955902,0.08836302,0.08839285,77377.23902634,6891.4378505,0.08906285
482,0.08880672,1563508800,0.0899999,0.08876215,0.08945898000000001,74411.69352049,6676.24096938,0.08972032
483,0.09072000000000001,1563516000,0.09072000000000001,0.08912797,0.08975696,30058.60085475,2701.56438219,0.08987658
484,0.089,1563523200,0.09125695,0.08780099,0.09072000000000001,264979.79670868,23482.55248177,0.08862016
485,0.08727768,1563530400,0.08873131000000001,0.08727768,0.0881189,48544.34854644,4266.8660659,0.08789624
486,0.08767011,1563537600,0.08941474,0.08635214000000001,0.088,96026.77226055,8455.4813075,0.08805337
487,0.08872000000000001,1563544800,0.08872000000000001,0.08739959,0.08739959,129294.4903869,11396.75358093,0.0881457
488,0.09,1563552000,0.09,0.08815505,0.08815505,36519.60755802,3244.24314168,0.08883565
489,0.09276000000000001,1563559200,0.09276000000000001,0.0900946,0.09055477,79498.78594817,7248.68973106,0.09117987
490,0.09304649999999999,1563566400,0.09467854,0.09169641,0.0929999,207541.43693359,19403.85184359,0.09349386
491,0.09322975,1563573600,0.0941978,0.092,0.0941978,41505.63881492,3848.29826208,0.09271748
492,0.09254342,1563580800,0.09294975,0.09196086,0.09294975,45478.95584269,4201.31353793,0.09237928000000001
493,0.09354199,1563588000,0.09413409,0.09219689,0.09219689,104963.12490215,9863.26038068,0.09396881
494,0.09194894,1563595200,0.09285271,0.09136773000000001,0.09285271,23918.94431906,2206.30409702,0.09224086000000001
495,0.09284785,1563602400,0.09401632,0.09245149999999999,0.09245149999999999,90370.24889966,8432.29415954,0.09330829
496,0.09286585,1563609600,0.09286585,0.09230999000000001,0.09256993000000001,9379.80053369,867.83120521,0.09252128
497,0.09258465,1563616800,0.09270225,0.09190000000000001,0.09234334,27417.35308658,2531.90774252,0.0923469
498,0.09284011,1563624000,0.09338029,0.09247345,0.09265066,28437.25634647,2643.53154251,0.09296014
499,0.093,1563631200,0.093,0.093,0.093,2853.1059138,265.33884998,0.093
500,0.09580367000000001,1563638400,0.09758879999999999,0.0944,0.0944,156551.97302064,15042.20219089,0.09608439
501,0.09574812,1563645600,0.09609859999999999,0.09554697000000001,0.09592113000000001,20514.6360527,1963.92276024,0.09573276
502,0.09574273,1563652800,0.09680698,0.09574269,0.096,137214.96958182,13188.09740227,0.09611267
503,0.0944328,1563660000,0.09659078,0.0944328,0.09654924000000001,25551.20326586,2437.50427916,0.09539684
504,0.0946895,1563667200,0.0946895,0.09381518,0.09381518,23562.44937179,2214.7964721,0.09399686
505,0.09175076,1563674400,0.09400004,0.0911539,0.09400004,115215.01282855,10681.20831997,0.09270674
506,0.09253672,1563681600,0.09276000000000001,0.09153091000000001,0.09175076,54420.83828547,5023.74443862,0.09231288
507,0.09263939,1563688800,0.09274111,0.09239167,0.09253467,18964.33682907,1753.84221887,0.09248107
508,0.09299902,1563696000,0.09300834000000001,0.09167259999999999,0.09262576,60657.4671966,5607.09232143,0.09243861
509,0.09240248,1563703200,0.09277527,0.09190559,0.09258978,12539.82083762,1156.413532,0.09221929999999999
510,0.09156509,1563710400,0.09258514,0.09156509,0.09242534000000001,86107.82339202,7904.88760345,0.09180219
511,0.09010209,1563717600,0.09171586,0.08894088,0.09138113,82279.85089508,7372.34872311,0.0896009
512,0.0891474,1563724800,0.09010482,0.08885962,0.09010482,42211.15016812,3776.96588174,0.08947791000000001
513,0.0896949,1563732000,0.089853,0.08904349,0.08920713,37666.02920013,3364.08025848,0.08931337
514,0.09078873,1563739200,0.09110485,0.08976907,0.08976916,111270.27825659,10078.22017909,0.09057423
515,0.09117912,1563746400,0.0913734,0.0909352,0.0909352,8851.88483116,806.40564423,0.09109987
516,0.09092274,1563753600,0.09137443,0.09092274,0.09122707000000001,13439.52885395,1226.80276212,0.09128316
517,0.09112721,1563760800,0.09129208,0.09107849999999999,0.09107849999999999,9872.91048501,899.70968709,0.09112912000000001
518,0.09087055000000001,1563768000,0.09155101,0.09060897,0.09137442,22935.39743378,2092.38711553,0.09122959
519,0.09149587,1563775200,0.09153997,0.09107414,0.09153997,25036.68296217,2282.66901804,0.09117298
520,0.09,1563782400,0.09142273000000001,0.09,0.09130684,31329.3135199,2861.33246419,0.09133083
521,0.09028449999999999,1563789600,0.09065191,0.089849,0.09002703000000001,26722.15432854,2409.88190955,0.09018292
522,0.08915369000000001,1563796800,0.089849,0.08888604,0.089849,22873.80164218,2036.40423992,0.08902779999999999
523,0.08710693,1563804000,0.08973235,0.08673577,0.08919677000000001,93892.01781996,8245.56154831,0.08781962
524,0.08743667000000001,1563811200,0.08860203,0.08700000000000001,0.08721735,112011.17643404,9841.41538244,0.08786101
525,0.08693765,1563818400,0.08796659999999999,0.08654512,0.0877858,94584.47932169,8249.20821149,0.08721524
526,0.088,1563825600,0.08836784,0.08654511000000001,0.08693765,44464.60613474,3887.77913406,0.08743536
527,0.08872000000000001,1563832800,0.08872000000000001,0.0879,0.08817551,22484.09593155,1980.92637911,0.08810344
528,0.08762945,1563840000,0.08803537,0.08759231,0.08803537,67764.84707977,5944.74585028,0.0877261
529,0.08819819,1563847200,0.08820209999999999,0.08763052,0.08763106,29518.88751493,2590.78897263,0.08776716
530,0.08637293,1563854400,0.0878443,0.086329,0.0878443,13023.13516799,1129.59604742,0.08673764
531,0.08552918,1563861600,0.08721732,0.08502855000000001,0.086352,117547.56166425,10047.44742621,0.08547559
532,0.08515812,1563868800,0.08571518,0.08478151,0.08553036,58191.37774288,4944.28242232,0.08496589
533,0.08548403,1563876000,0.08561209,0.08407576,0.08515789,81071.85566452,6914.85977587,0.08529297
534,0.084989,1563883200,0.08563599999999999,0.08417151,0.08563599999999999,72001.91970905,6120.59928493,0.08500605
535,0.08400001,1563890400,0.085,0.08400001,0.08478982,34408.20776037,2905.12749999,0.08443123
536,0.08393968,1563897600,0.0844829,0.08333066,0.08400001,46433.92027584,3883.37919128,0.08363237
537,0.08539281,1563904800,0.08544408,0.0841463,0.0841463,72652.87419901,6180.08965393,0.08506325
538,0.0857492,1563912000,0.08639799000000001,0.08471771,0.0855127,139090.96149225,11971.63171612,0.08607052
539,0.08454775,1563919200,0.0858444,0.08434574,0.08560448,16125.77027189,1371.05269104,0.08502246000000001
540,0.08243017,1563926400,0.08569556,0.0821749,0.08454598,36612.26580903,3042.4292388,0.08309863
541,0.08225164,1563933600,0.08265625,0.08205302,0.08209976000000001,5962.59741992,491.37519216,0.08240958
542,0.08243698,1563940800,0.08258934,0.08154948000000001,0.08233336000000001,36429.92911693,2984.27997076,0.08191835
543,0.08237556,1563948000,0.08276334,0.0822812,0.08233673,34397.12087049,2838.39504514,0.08251839
544,0.08316989999999999,1563955200,0.08326486,0.08244746,0.08244746,4819.80648532,400.58151149,0.08311153
545,0.08278985,1563962400,0.0834888,0.082,0.08312495,32579.15977319,2691.0056805,0.08259898
546,0.08295625,1563969600,0.08364669999999999,0.08295625,0.0834898,50986.88324418,4259.63750572,0.08354379
547,0.0864852,1563976800,0.08648629000000001,0.08310000000000001,0.08310000000000001,98591.2249259,8358.56061477,0.08477996
548,0.08452839,1563984000,0.08665485,0.08321167,0.0859236,493559.55647979,42401.05353002,0.08590868
549,0.08458194000000001,1563991200,0.08470817,0.08399263,0.08399263,5115.54887702,431.47368058,0.08434552000000001
550,0.08574788,1563998400,0.08574788,0.08374711,0.08374711,33451.6465578,2838.66382777,0.08485871
551,0.08600000000000001,1564005600,0.08600000000000001,0.0850158,0.08578994,92294.11567003,7883.46557459,0.08541677
552,0.08759435,1564012800,0.087786,0.08623541,0.08623541,42063.52161891,3663.05192986,0.08708381
553,0.08762764,1564020000,0.08762766,0.08703399,0.08729172,22165.43694411,1937.45457305,0.08740881
554,0.08642124,1564027200,0.08678608,0.0859717,0.08678608,91722.58591272,7923.28064087,0.08638309
555,0.0864472,1564034400,0.08644721,0.0862,0.0862,111008.43738896,9569.17659858,0.08620224
556,0.08621387,1564041600,0.08639488000000001,0.0861538,0.08639488000000001,5610.4173454,483.82939368,0.08623768
557,0.08639673,1564048800,0.08639673,0.08580101,0.08580101,8180.79261265,706.28701591,0.08633479000000001
558,0.0849745,1564056000,0.08670383,0.0848,0.08644721,64894.33553445,5556.3005132,0.08562073
559,0.08548207000000001,1564063200,0.08571215,0.08529026,0.08529026,45168.50349507,3864.90707508,0.08556641
560,0.08567165,1564070400,0.08620537,0.08510991,0.0858819,52263.49586407,4482.08828777,0.08575944
561,0.08579503000000001,1564077600,0.0867003,0.08578765000000001,0.08625637,35200.13116011,3029.83730508,0.0860746
562,0.08586463,1564084800,0.08589988,0.08543796000000001,0.08546678,33788.97538656,2892.88643643,0.08561628
563,0.08548464,1564092000,0.08548464,0.08548464,0.08548464,116.387,9.94930079,0.08548464
564,0.08392359,1564099200,0.08542283,0.08325651,0.08542283,20333.36633374,1710.91779181,0.08414336
565,0.08396774,1564106400,0.08426557,0.08392359,0.08396709000000001,20868.75705553,1756.67459787,0.08417725
566,0.08387883,1564113600,0.08427386,0.08387883,0.08403806,1614.49824713,135.48282078,0.08391636
567,0.08477305,1564120800,0.08531621,0.08335652,0.08382495,410806.44169302,34365.8386483,0.08365457
568,0.08538881,1564128000,0.0855948,0.0850143,0.08515567,2419.93949083,206.19148088,0.08520522
569,0.0857817,1564135200,0.0861063,0.08528259,0.08533757,21671.17452446,1854.3356304,0.08556691
570,0.08544967,1564142400,0.08575848,0.08524911,0.08575848,11288.45022377,967.29352419,0.08568877
571,0.08539309,1564149600,0.08582953,0.08516335,0.08570689000000001,58738.62468684,5016.40147751,0.08540209
572,0.08644294,1564156800,0.08663639000000001,0.08578284,0.08578284,30151.75010156,2593.52583008,0.08601576
573,0.08879458,1564164000,0.08879458,0.08677000000000001,0.08677000000000001,112209.25191002,9805.0758568,0.08738206
574,0.08828867,1564171200,0.08936337,0.08778749,0.08879458,30723.84686304,2741.54366293,0.08923178
575,0.08773996,1564178400,0.08814766,0.08711303000000001,0.08814766,30717.94150781,2698.20601613,0.08783811
576,0.08831129,1564185600,0.08936335000000001,0.08820304,0.08820304,87825.04087897,7781.13735147,0.08859816
577,0.0882208,1564192800,0.08831266,0.08821436,0.08821436,7903.122,697.45518564,0.08825059
578,0.0886106,1564200000,0.0886106,0.08788071,0.08822089,39334.60554348,3469.17448758,0.08819649
579,0.08809985000000001,1564207200,0.08809985000000001,0.08677002,0.08719266,35725.0827427,3117.0966015,0.08725232000000001
580,0.08693416,1564214400,0.08795333,0.08693416,0.08795333,7149.30875717,625.48874236,0.0874894
581,0.08342942,1564221600,0.08677000000000001,0.08340233,0.08677000000000001,140039.97665822,11903.3869834,0.08499992
582,0.08386591,1564228800,0.08429476,0.08333,0.08367389,26083.24944203,2187.87774842,0.08388056
583,0.08426149000000001,1564236000,0.08430055,0.08309799,0.08386443,42567.31665583,3567.28644243,0.08380341
584,0.08364074,1564243200,0.0842651,0.08364074,0.0842615,25146.44115255,2104.83107406,0.08370294
585,0.08374483,1564250400,0.08397387,0.08350088,0.08395602,8786.71198523,735.69341313,0.08372795
586,0.08423699999999999,1564257600,0.08424754,0.0833116,0.08374483,2698.79135247,226.3162574,0.08385837
587,0.08448282,1564264800,0.08461575,0.08370547,0.08423699999999999,29226.63121609,2470.63714989,0.08453376
588,0.08436053,1564272000,0.08436053,0.08390012000000001,0.08430927,4091.85289645,344.01727984,0.08407371
589,0.08434184,1564279200,0.08436159,0.08418167,0.08436159,142.45997635,12.01083594,0.08431024000000001
590,0.08443592,1564286400,0.08515,0.08406855,0.08434336,3084.56918563,261.48056668,0.08477053
591,0.08443592,1564293600,0.08443592,0.08443592,0.08443592,0.0,0.0,0.08443592
592,0.08452541,1564300800,0.08452541,0.08452541,0.08452541,2294.79321255,193.96833715,0.08452541
593,0.08435946,1564308000,0.08456377,0.084,0.08401755,23798.57097169,2000.73491612,0.08406954
594,0.08409969,1564315200,0.08409969,0.08371432,0.08371432,1711.85883193,143.88343191,0.08405099
595,0.08380123,1564322400,0.0840156,0.08380123,0.08392546000000001,4826.91774621,404.77173129,0.08385718
596,0.0840156,1564329600,0.0840156,0.0840156,0.0840156,0.0006314,5.304000000000001e-05,0.0840156
597,0.0840156,1564336800,0.08421012,0.0840156,0.08407702,176.65036733,14.84913778,0.08405947
598,0.08278431,1564344000,0.08410997,0.08278431,0.08363854,7251.12626156,604.55978741,0.0833746
599,0.08344,1564351200,0.08445738,0.0807478,0.08288398,185618.37438135,15257.98825071,0.08220085
600,0.0853178,1564358400,0.08599975,0.08295874,0.08396,22787.72417699,1943.06313479,0.08526797
601,0.08494446,1564365600,0.0853178,0.08471978000000001,0.0853178,11916.55583817,1011.52420193,0.08488393
602,0.08496392,1564372800,0.0850143,0.08446529,0.08494446,10010.17801253,848.84594479,0.08479828
603,0.08417768,1564380000,0.08456994,0.08417768,0.08456992,16123.36545517,1360.99922809,0.08441159999999999
604,0.08229685,1564387200,0.08417769,0.08229685,0.08417769,30011.89793033,2516.4134928,0.08384719
605,0.08316753,1564394400,0.08330533,0.0825,0.0825,26090.42889468,2159.16881004,0.08275712
606,0.08316753,1564401600,0.08316753,0.08316753,0.08316753,0.0,0.0,0.08316753
607,0.08407483,1564408800,0.08416753,0.08387318,0.08416753,38867.483,3264.88961562,0.08400054
608,0.08371269,1564416000,0.08416753,0.08316753,0.08351314,40495.97482506,3391.79861503,0.08375643
609,0.0834993,1564423200,0.08357099,0.08302624,0.08333345,11418.19823949,954.01012246,0.08355172
610,0.08367959,1564430400,0.08368099,0.08295147,0.08310000000000001,39739.46671452,3313.63561945,0.08338399
611,0.08373886,1564437600,0.08373886,0.08310859999999999,0.08364748,5194.03182881,432.32567152,0.08323508
612,0.08373886,1564444800,0.08373886,0.08373886,0.08373886,0.0,0.0,0.08373886
613,0.08245125,1564452000,0.08310859999999999,0.08209000000000001,0.08310859999999999,10186.29204995,838.97069472,0.08236271
614,0.0820717,1564459200,0.08260795,0.0820717,0.08245229999999999,9372.35228244,774.09457531,0.08259341
615,0.0827427,1564466400,0.0827427,0.08247152,0.08247152,1457.84814517,120.254931,0.08248796
616,0.08286966,1564473600,0.0830564,0.08286966,0.0830533,4674.21417543,387.6790899,0.08293994
617,0.08314062,1564480800,0.08378039,0.08305739999999999,0.08305739999999999,4101.90719761,341.25736866,0.0831948
618,0.08328623,1564488000,0.08384061,0.08328623,0.08384061,1562.68016335,130.73823455,0.08366282
619,0.08386202,1564495200,0.08463311,0.08359838,0.08359838,100440.35865507,8447.61971733,0.08410582
620,0.0838,1564502400,0.08451437,0.0838,0.08386202,65733.31085101,5553.2936995,0.08448218
621,0.08335649,1564509600,0.0838,0.08332599,0.0838,15637.18942268,1306.95146595,0.08357969
622,0.08305897,1564516800,0.08321128,0.08299000000000001,0.08321128,4198.65787013,348.68579664,0.08304696
623,0.08320834,1564524000,0.08325828,0.08320834,0.08325828,4199.99909415,349.5663228,0.08323009
624,0.08451437,1564531200,0.08451437,0.08320834,0.08320834,27941.18804339,2348.28135022,0.08404371000000001
625,0.08431131,1564538400,0.0845017,0.08395515,0.0845017,3594.42872189,303.18702727,0.08434915
626,0.08395603,1564545600,0.0845,0.08331563,0.08372212,35018.53466578,2939.48848098,0.08394093
627,0.08359206,1564552800,0.08446355,0.08359206,0.08436195,77674.08462647,6545.72608307,0.08427168
628,0.08367585,1564560000,0.08387792000000001,0.08367585,0.08367585,2777.8976825,232.48336379,0.08369039
629,0.08430481000000001,1564567200,0.08443997,0.08372011,0.08372011,26679.58790625,2249.52199603,0.08431621
630,0.08499749999999999,1564574400,0.08539661,0.0844,0.08451437,138607.92273764,11762.00260708,0.08485808
631,0.08448227,1564581600,0.08499749999999999,0.08372969999999999,0.08499749999999999,20541.08134802,1740.11430211,0.08471386
632,0.08346223,1564588800,0.08414049,0.0832489,0.08367585,13896.11105162,1164.55358688,0.08380428
633,0.08314042,1564596000,0.08394087,0.08314042,0.08345278,4843.244545,404.3116886,0.08347951
634,0.08333738,1564603200,0.08351521,0.08298957,0.08338736000000001,16543.61117378,1376.73402304,0.08321847
635,0.0838773,1564610400,0.08388039,0.08341841,0.08341841,30288.26727936,2536.57911938,0.08374791
636,0.0836758,1564617600,0.08390639999999999,0.0836758,0.0838773,5721.081,478.81740923,0.08369352000000001
637,0.08339661,1564624800,0.08375701,0.08333637,0.08375701,1735.96345821,145.25516381,0.08367409
638,0.08301637,1564632000,0.0834519,0.083,0.08344484,5876.622294,489.2535224,0.0832542
639,0.08310159,1564639200,0.08312612,0.08253504,0.08310139,3325.56621862,275.18435613,0.08274812000000001
640,0.08279056,1564646400,0.08311822,0.08255446,0.08310515,2146.88235734,177.85471443,0.08284325000000001
641,0.082,1564653600,0.08281416,0.08195562,0.08281416,100367.25273773,8254.56967678,0.08224365
642,0.08275744,1564660800,0.08277449,0.08243891,0.08257356,141134.0258549,11681.59469999,0.08276951
643,0.08221589,1564668000,0.08275744,0.08170726,0.08275744,13117.31736481,1075.31907233,0.08197705
644,0.08228294,1564675200,0.08228294,0.08201242,0.08221651,32791.74106994,2694.1428452,0.08215918
645,0.08272009999999999,1564682400,0.08289147,0.08222091000000001,0.08253536,57212.02516488,4736.77134561,0.08279328
646,0.0825,1564689600,0.0825,0.0825,0.0825,302.60006076,24.96450501,0.0825
647,0.08289049999999999,1564696800,0.08289049999999999,0.082422,0.0825,67982.88582534,5612.5503888,0.08255828
